ID, Name, Address,Dob,Class,SEX,Issue Date,Expiry Date
531245633, Tristan Abby, "3303 Clay Street,12-10-1924, A, M, 13/12/2018, 13/12/2023
708755823, Stella Viana, "3585 Front Street North,07-06-1914, A, F, 18/12/2017, 18/12/2022
183965654, Brenton Urick, "5893 Country Club Road,23-09-1938, C, F, 8/8/2018, 8/8/2023
62925448, Kenneth Martinez, "7691 Cedar Avenue, 16/8/1929, A, F, 19/4/2018, 19/4/2023
328540075, Ryan Perez, "7441 Rose Street, 1/10/1909, C, M, 14/3/2019, 14/3/2024
313590295, Aditya Yniguez, "4444 Summit Avenue, 15/10/1940, C, M, 11/6/2019, 11/6/2024
595618129, Jolie Moore, "1334 Jefferson Avenue, 7/5/1980, C, M, 10/1/2017, 10/1/2022
740418899, Troy Anderson, "3741 White Street, 21/2/1982, B, F, 2/3/2017, 2/3/2022
780105117, Mia Garcia, "1624 Franklin Avenue, 17/12/1944, C, F, 1/10/2019, 1/10/2024
386885841, Jos Rainey, "9328 Summit Avenue, 3/6/1946, A, M, 24/9/2017, 24/9/2022
303590544, Russell Zurick, "859 Laurel Drive, 27/6/1957, C, M, 2/12/2018, 2/12/2023
811527105, Natalie Edwards, "5034 Front Street North, 11/7/1929, A, F, 11/10/2018, 11/10/2023
176213449, Aditya Wafford, "7419 Woodland Drive, 21/9/1978, B, M, 1/3/2018, 1/3/2023
682206487, Scott Adams, "8298 River Street, 28/9/1942, C, F, 8/10/2018, 8/10/2023
211791671, Paul Wesenberg, "5187 Briarwood Drive, 21/8/1958, C, F, 4/7/2017, 4/7/2022
479658240, Camilla Baker, "2379 Ann Street, 11/11/1903, A, M, 25/5/2017, 25/5/2022
207338136, Reagan Thompson, "2062 Charles Street, 6/3/1909, A, F, 20/3/2018, 20/3/2023
360020332, Orion Negley, "1538 Pleasant Street, 15/3/1982, B, M, 6/4/2017, 6/4/2022
130582597, Diamond Waggett, "10040 Windsor Drive, 1/12/1962, C, F, 11/2/2018, 11/2/2023
768562889, Taylor Caffee, "5205 King Street, 1/2/1972, A, M, 12/1/2017, 12/1/2022
502121293, Eric Johnson, "5462 Ann Street, 21/2/1934, B, F, 7/7/2017, 7/7/2022
806876504, Steven Vasko, "2181 Country Club Road, 1/7/1965, A, M, 25/10/2018, 25/10/2023
412474841, Gideon White, "10049 Charles Street, 20/5/1935, C, F, 7/4/2019, 7/4/2024
373431497, Amani Davis, "7903 Maiden Lane, 18/1/1921, B, M, 15/9/2017, 15/9/2022
564448935, Emmy Phillips, "5604 Garfield Avenue, 7/4/1959, A, F, 12/4/2019, 12/4/2024
301402961, Ashley Nagy, "1904 Broad Street, 28/4/1938, B, M, 7/4/2017, 7/4/2022
229372436, Jesse Lopez, "4141 Cedar Lane, 6/2/1959, B, M, 27/7/2019, 27/7/2024
772276038, Vivian Ohrt, "8420 Heather Lane, 2/4/1918, A, F, 15/3/2019, 15/3/2024
654590944, Emma Tevlin, "7971 Jefferson Avenue, 22/12/1975, B, F, 9/3/2017, 9/3/2022
713964501, Brian Caffee, "6531 Laurel Lane, 17/3/1965, B, F, 22/7/2019, 22/7/2024
104697358, Dallas Viana, "5696 Arlington Avenue, 11/4/1963, B, M, 24/4/2018, 24/4/2023
518851646, Amber Viana, "3881 Laurel Lane, 12/10/1959, A, M, 7/10/2018, 7/10/2023
213695294, Ralph Harber, "5746 Woodland Drive, 27/3/1929, C, M, 26/3/2019, 26/3/2024
89893439, Walker Nelson, "4677 Olive Street, 20/7/1906, B, M, 16/7/2017, 16/7/2022
210644385, Caden Lee, "4437 Front Street North, 7/4/1922, B, F, 19/12/2017, 19/12/2022
670358142, Reagan Abelson, "755 Cedar Avenue, 22/4/1917, B, M, 23/10/2017, 23/10/2022
61754841, Van Parker, "2321 King Street, 22/1/1949, C, M, 17/3/2018, 17/3/2023
577901968, Isabelle Nelson, "7845 Laurel Drive, 11/1/1989, B, F, 7/10/2019, 7/10/2024
643198660, Brooklyn Hill, "4817 Clay Street, 28/2/1932, B, M, 7/7/2019, 7/7/2024
719481671, Justin Hernandez, "4533 Rose Street, 9/3/1976, A, F, 20/2/2019, 20/2/2024
28045111, Jason Vasko, "6958 Highland Drive, 3/10/1926, C, M, 14/4/2017, 14/4/2022
288883804, Rihanna Moore, "5429 Woodland Drive, 13/2/1919, C, M, 25/1/2018, 25/1/2023
811526458, Jayden Brown, "3110 Arlington Avenue, 1/12/1944, A, M, 19/6/2019, 19/6/2024
866093436, Javion Ohrt, "9275 Crescent Street, 12/7/1927, C, F, 28/8/2019, 28/8/2024
304418166, Riley Fader, "5521 Atlantic Avenue, 7/1/1998, B, F, 8/6/2017, 8/6/2022
744686010, Larry Waggett, "10018 Pleasant Street, 20/4/1943, A, F, 26/1/2017, 26/1/2022
96885000, Brenton Martinez, "4695 Olive Street, 9/12/1983, A, M, 24/11/2017, 24/11/2022
831729802, Jose Turner, "123 Clay Street, 8/12/1950, A, M, 28/9/2019, 28/9/2024
482793817, Brian Dahn, "1110 Forest Street, 23/9/1966, A, M, 15/5/2019, 15/5/2024
297953115, Emma Collins, "3015 John Street, 7/8/1990, C, M, 13/3/2019, 13/3/2024
852356183, Emily Baker, "6077 Willow Avenue, 7/2/1935, A, F, 12/2/2018, 12/2/2023
66991294, Brooklyn Kairis, "1491 Atlantic Avenue, 9/12/1993, B, F, 5/11/2019, 5/11/2024
889540434, Justin Ealy, "2381 John Street, 5/10/1997, C, F, 14/1/2017, 14/1/2022
306245605, Dexter Negley, "7890 Linden Avenue, 11/12/1984, C, M, 5/7/2017, 5/7/2022
786315236, Aniya Clark, "3404 Willow Avenue, 20/1/1944, A, M, 25/2/2018, 25/2/2023
105697133, Chloe Falk, "8373 Grand Avenue, 3/12/1990, C, M, 16/5/2018, 16/5/2023
607438721, Fred King, "6828 Court Street, 16/9/1955, C, F, 26/9/2018, 26/9/2023
524316458, William Kadel, "4064 Rose Street, 3/12/1942, A, F, 26/4/2017, 26/4/2022
448958616, Ryan Mitchell, "1857 Devon Court, 9/6/1909, A, M, 25/8/2019, 25/8/2024
900369232, Carl Hill, "2712 Crescent Street, 8/4/1967, B, M, 2/5/2019, 2/5/2024
360092550, Ralph Rodriguez, "5718 Linden Avenue, 14/8/1988, C, M, 22/12/2019, 22/12/2024
777204033, Jerry Tormey, "9192 Summit Avenue, 28/1/1965, A, F, 25/8/2019, 25/8/2024
156470539, Daniel Edwards, "1936 Forest Street, 1/1/1910, B, M, 21/6/2018, 21/6/2023
248566457, Gavin Tabbert, "7510 Cedar Lane, 12/2/1971, B, F, 11/8/2017, 11/8/2022
241668509, Cecelia Cabello, "6921 Windsor Drive, 23/1/1983, C, F, 5/8/2018, 5/8/2023
652868663, Michael Brown, "1956 Cedar Lane, 1/2/1949, C, M, 20/12/2019, 20/12/2024
830572032, Harry Lewis, "8089 Arlington Avenue, 11/9/1907, B, F, 11/9/2018, 11/9/2023
909864729, Van Cabler, "5648 Crescent Street, 19/11/1927, A, M, 6/12/2019, 6/12/2024
496614971, Eliana Nagy, "2113 Hanover Court, 27/9/1993, B, M, 1/9/2018, 1/9/2023
290910550, George Caffee, "2028 Forest Street, 12/3/1996, C, M, 26/7/2019, 26/7/2024
277854322, Steven Jackson, "596 Broad Street, 28/8/1980, A, M, 4/10/2017, 4/10/2022
316167357, George Hill, "455 Court Street, 20/8/1939, B, M, 13/4/2017, 13/4/20221
86554480, Alyssa Gabbert, "9504 Summit Avenue, 2/8/1948, C, F, 1/9/2018, 1/9/2023
440281664, Aubrey Gonzalez, "107 Pleasant Street, 16/10/1981, C, M, 24/7/2018, 24/7/2023
437190297, Jeramiah Labelle, "3139 Summit Avenue, 24/6/1918, A, M, 15/11/2017, 15/11/2022
616184275, Brooklyn Green, "6373 Olive Street, 10/8/1939, A, M, 15/9/2017, 15/9/2022
212754618, Paityn Tormey, "159 John Street, 15/1/1975, A, F, 19/4/2018, 19/4/2023
129990742, Elvis Taylor, "7983 Warren Avenue, 21/10/1995, B, M, 17/1/2018, 17/1/2023
297415519, Dennis Gahm, "5213 Route 30, 11/1/1997, A, F, 11/12/2017, 11/12/2022
818447552, Ryan Mabrey, "306 Woodland Drive, 7/5/1950, A, F, 10/11/2019, 10/11/2024
488586664, Van Ealy, "6909 Willow Avenue, 6/3/1964, A, M, 8/9/2017, 8/9/2022
380515055, Saige Walker, "1940 Willow Avenue, 17/12/1988, C, F, 8/11/2019, 8/11/2024
459576955, Lauren Gabbert, "4113 Front Street North, 23/1/1988, C, F, 1/8/2018, 1/8/2023
677667606, Eric Phillips, "7021 John Street, 12/5/1926, B, M, 13/12/2018, 13/12/2023
902801968, Raymond Turner, "5067 Essex Court, 14/8/1922, B, M, 19/10/2017, 19/10/2022
275481844, Emma Hadder, "1625 Linden Avenue, 21/9/1991, B, F, 16/5/2019, 16/5/2024
382814448, Tyrese Wright, "2583 Route 30, 6/1/1947, C, F, 20/12/2018, 20/12/2023
61823633, Alivia Hernandez, "8760 Arlington Avenue, 18/5/1981, A, M, 28/3/2019, 28/3/2024
178881424, Jolie Baker, "2361 Main Street, 7/8/1969, B, F, 8/4/2017, 8/4/2022
438471352, Mateo Vasko, "692 Pleasant Street, 15/4/1996, A, M, 23/3/2017, 23/3/2022
497246483, Bobby Hall, "2746 Laurel Lane, 20/1/1918, C, M, 14/5/2018, 14/5/2023
355661991, Joe Nagy, "9448 Warren Avenue, 22/10/1953, C, M, 16/2/2018, 16/2/2023
564883401, James Zurick, "1600 Ann Street, 7/5/1987, B, F, 18/3/2017, 18/3/2022
58637425, Robert Jones, "2183 Olive Street, 26/7/1936, A, M, 23/6/2019, 23/6/2024
468528268, Mia Zurick, "6054 Maiden Lane, 11/3/1979, C, F, 3/1/2018, 3/1/2023
496547303, Paityn Johnson, "3285 Maiden Lane, 24/1/1938, A, M, 5/4/2017, 5/4/2022
466434391, Anna Williams, "8298 Heather Lane, 10/9/1990, C, F, 24/9/2019, 24/9/2024
357821573, Isabelle Caffee, "2283 Garfield Avenue, 18/6/1948, C, F, 23/8/2018, 23/8/2023
164471794, Reagan Phillips, "2643 Warren Avenue, 1/10/2000, A, F, 3/8/2019, 3/8/2024
195511073, Aldo Walker, "2066 Windsor Drive, 3/8/1996, A, F, 27/1/2019, 27/1/2024
618337914, Robert Johnson, "1843 Crescent Street, 17/7/1983, C, F, 9/3/2019, 9/3/2024
475123794, Abigail White, "3418 Forest Street, 1/12/1971, C, M, 12/1/2017, 12/1/2022
344532640, Van Mabrey, "8543 Laurel Lane, 25/7/1951, C, F, 26/7/2019, 26/7/2024
84507420, Jes Phillips, "6657 Main Street, 13/8/2000, A, F, 9/8/2017, 9/8/2022
536478199, Dexter Negley, "6306 Rose Street, 18/6/1989, A, F, 10/3/2018, 10/3/2023
889375261, Walter Jones, "3369 Pleasant Street, 6/3/1993, A, M, 10/8/2018, 10/8/2023
115493624, Bryan Kairis, "2184 Forest Street, 19/10/1997, B, F, 9/12/2018, 9/12/2023
643511915, Jimmy Xander, "7881 Heather Lane, 12/7/1934, A, F, 5/11/2017, 5/11/2022
719592365, Efrain Serban, "527 King Street, 12/7/1964, B, F, 21/10/2018, 21/10/2023
305591357, Finnegan Mitchell, "1935 Madison Avenue, 4/3/1926, B, M, 27/2/2019, 27/2/2024
340910946, Esther Allen, "1603 Route 1, 15/10/1939, C, F, 2/5/2019, 2/5/2024
588382107, Aditya Robinson, "7759 Laurel Drive, 21/1/1906, B, F, 14/1/2019, 14/1/2024
605858500, Xzavier Wesenberg, "7935 Rose Street, 16/3/1992, B, M, 22/8/2018, 22/8/2023
229348739, Sydnee Labelle, "3197 River Street, 11/2/1983, C, M, 19/8/2017, 19/8/2022
351838672, Matthew Serban, "6056 Laurel Drive, 12/9/1946, C, F, 8/1/2018, 8/1/2023
54328686, Julia Wafford, "4026 Laurel Lane, 16/7/2000, C, M, 23/10/2017, 23/10/2022
178835212, Faith Parker, "7331 Woodland Drive, 27/11/1998, C, M, 17/12/2019, 17/12/2024
350796331, Jazlynn Perez, "7568 White Street, 7/11/1982, B, F, 8/2/2017, 8/2/2022
479792327, Ryan Baker, "2526 Rose Street, 3/3/1968, C, M, 20/3/2017, 20/3/2022
726081708, Joseph Ohrt, "906 Hanover Court, 11/1/1918, C, M, 26/7/2018, 26/7/2023
633278728, Bryan Anderson, "1360 Cottage Street, 12/4/1976, A, F, 11/8/2018, 11/8/2023
402005672, Elvis Brown, "4933 Highland Drive, 6/5/1920, A, F, 6/2/2019, 6/2/2024
218561179, Tyrese Bacon, "5200 Williams Street, 6/11/1926, B, M, 4/1/2018, 4/1/2023
617019369, Carl Eady, "1668 Madison Avenue, 11/4/1993, A, M, 10/1/2019, 10/1/2024
548284454, Michael Yob, "3266 Crescent Street, 15/3/1925, A, M, 24/7/2018, 24/7/2023
501009240, Julia Gahm, "622 Cedar Avenue, 16/2/1952, B, M, 10/12/2017, 10/12/2022
553486919, Ryan Urick, "1398 Franklin Court, 1/11/1923, B, F, 11/1/2018, 11/1/2023
771204767, Kenneth Serban, "3014 Fairway Drive, 5/6/1937, B, F, 5/8/2017, 5/8/2022
685928293, Etha Phillips, "181 Fairway Drive, 2/8/1926, C, M, 6/8/2017, 6/8/2022
696235165, David Isaman, "4413 Country Club Road, 14/12/1962, A, M, 4/12/2018, 4/12/2023
321565345, Aldo Carter, "6401 Olive Street, 11/11/1991, B, M, 24/5/2019, 24/5/2024
41936283, Jos Walker, "1972 Cottage Street, 9/8/2001, C, F, 7/11/2019, 7/11/2024
137614673, Noah Ohrt, "940 Jefferson Avenue, 6/2/1924, A, M, 18/6/2019, 18/6/2024
513937202, Cesar Baker, "8734 Heather Lane, 8/3/1986, A, F, 7/5/2018, 7/5/2023
543940048, Ryan Davis, "2167 Warren Avenue, 12/6/1911, A, F, 11/2/2019, 11/2/2024
806189240, Dennis Yob, "8086 Monroe Street, 28/8/1910, C, F, 22/6/2017, 22/6/2022
630966151, Mark Urick, "992 Andover Court, 25/3/1971, B, M, 3/4/2018, 3/4/2023
768061634, Saige Shawn, "4387 Route 30, 4/6/1992, B, F, 22/1/2019, 22/1/2024
100046138, Essence Urick, "2961 Olive Street, 4/10/1917, B, M, 12/1/2019, 12/1/2024
437052531, Olivia Martinez, "4373 Heather Lane, 11/10/1990, C, M, 8/9/2019, 8/9/2024
725498910, Jason Davis, "2045 White Street, 9/5/1996, A, M, 12/4/2018, 12/4/2023
796119297, Ralph Davis, "3532 Andover Court, 28/9/1999, B, F, 12/2/2017, 12/2/2022
604025058, Ethen Phillips, "504 Clay Street, 10/3/1915, C, F, 3/4/2019, 3/4/2024
597890429, Gregory Tevlin, "4182 Hanover Court, 26/2/1988, B, M, 4/7/2018, 4/7/2023
38806680, Jos Walker, "4730 Pleasant Street, 7/8/1910, C, M, 24/7/2017, 24/7/2022
338613521, Tabitha Urick, "9467 Willow Avenue, 4/10/1904, C, M, 8/6/2019, 8/6/2024
504880303, Landon Anderson, "4047 Hanover Court, 20/8/1917, C, M, 3/4/2018, 3/4/2023
662641096, Jose Moore, "5672 Route 30, 27/5/1975, C, F, 8/3/2019, 8/3/2024
900469421, Glenn Kairis, "9498 Williams Street, 1/10/1943, A, F, 18/4/2018, 18/4/2023
161699508, Aniya Negley, "1520 Monroe Street, 27/3/1941, A, M, 19/12/2019, 19/12/2024
449181489, Brianna Xander, "1264 Windsor Drive, 27/7/1996, B, F, 27/5/2019, 27/5/2024
548969753, Isabelle Cabello, "9673 White Street, 7/3/1931, A, F, 12/9/2018, 12/9/2023
900557674, Grace Isaman, "1651 Court Street, 26/1/1998, B, F, 9/10/2019, 9/10/2024
274923586, Jimmy Caffee, "2434 Franklin Court, 10/10/1951, A, F, 3/3/2019, 3/3/2024
800847487, Jackson Tabbert, "9799 Jefferson Avenue, 22/6/1936, C, M, 23/5/2019, 23/5/2024
123512878, Jes Mabrey, "8923 Windsor Drive, 10/10/1957, C, F, 2/11/2019, 2/11/2024
117301654, Glenn Vasko, "2358 Route 1, 22/3/1908, B, M, 9/11/2017, 9/11/2022
555966555, Cecelia Carter, "5148 Windsor Drive, 9/9/1925, B, M, 23/2/2018, 23/2/2023
425280276, Aditya Thomas, "4925 Devon Court, 3/6/1953, C, F, 13/3/2017, 13/3/2022
880253844, Paityn Mitchell, "3591 Broad Street, 16/1/1966, C, M, 23/2/2019, 23/2/2024
777759498, Paityn Smith, "3768 Charles Street, 12/3/1914, A, M, 16/9/2017, 16/9/2022
807365461, James Turner, "974 White Street, 9/2/1941, C, F, 18/9/2018, 18/9/2023
165450451, Donald Campbell, "3427 Highland Drive, 16/4/1991, B, M, 16/12/2018, 16/12/2023
372923061, Louis Hanz, "5811 Pleasant Street, 3/9/1985, B, M, 11/4/2017, 11/4/2022
441774435, Gary Caffee, "469 Briarwood Drive, 2/10/1931, B, F, 12/3/2019, 12/3/2024
373002354, Elvis Yob, "157 Woodland Drive, 14/8/1938, B, F, 10/9/2017, 10/9/2022
85951999, Sophia Gagnon, "3141 Cottage Street, 8/3/1969, A, F, 22/12/2017, 22/12/2022
183314263, Tyler Fader, "9987 Jefferson Avenue, 23/6/2000, A, M, 15/3/2019, 15/3/2024
498906539, Carter Gonzalez, "1951 Arlington Avenue, 24/5/1915, A, F, 1/1/2018, 1/1/2023
373797500, Reuben Hernandez, "1684 Forest Street, 20/7/1931, C, F, 25/2/2017, 25/2/2022
163061966, Jayden Hill, "4488 John Street, 17/8/1996, C, F, 21/9/2017, 21/9/2022
742968102, Ruby Scott, "4858 Laurel Drive, 18/9/1949, B, M, 22/1/2018, 22/1/2023
640473555, Harry Urick, "9672 Rose Street, 10/12/1996, A, M, 4/12/2019, 4/12/2024
456454086, Dallas Harber, "4164 Orchard Avenue, 7/3/1956, B, M, 23/8/2018, 23/8/2023
734274075, Cecelia Isaman, "2537 Charles Street, 12/4/1939, C, M, 20/2/2017, 20/2/2022
267175011, Mia Viana, "8964 Franklin Avenue, 14/3/1928, B, M, 14/12/2018, 14/12/2023
446543032, Keith Tevlin, "3724 Pleasant Street, 5/4/1966, C, M, 17/2/2017, 17/2/2022
655433371, Landon Mitchell, "7383 Forest Street, 4/2/1911, B, F, 20/9/2017, 20/9/2022
700696475, Patrick Xavier, "3081 Clay Street, 2/3/1948, A, F, 25/2/2018, 25/2/2023
834735940, Atticus Wesenberg, "749 Front Street North, 14/2/1991, A, M, 19/6/2018, 19/6/2023
184589592, Xzavier Jones, "1220 Windsor Drive, 5/2/2002, A, F, 7/1/2019, 7/1/2024
477573161, Douglas Robinson, "7489 Warren Avenue, 6/7/1954, C, M, 4/10/2017, 4/10/2022
203886892, Michael Collins, "6379 Devon Court, 7/5/1964, A, F, 23/11/2017, 23/11/2022
467206408, Jenish Abby, "8677 River Street, 25/3/1931, C, M, 27/10/2019, 27/10/2024
885666866, James Urick, "1367 Maiden Lane, 4/4/1910, A, M, 20/6/2017, 20/6/2022
63656068, Brian Lee, "4211 Grand Avenue, 27/11/1944, C, M, 23/1/2018, 23/1/2023
177954877, Dulce Gagnon, "1309 River Street, 9/6/1923, B, M, 8/10/2018, 8/10/2023
685752873, Keith Eady, "9413 River Street, 20/7/1925, C, M, 22/9/2019, 22/9/2024
858063916, Xzavier King, "7859 King Street, 14/3/1919, C, F, 2/6/2019, 2/6/2024
784855170, Xzavier Lewis, "4411 Charles Street, 26/12/1965, B, M, 24/6/2019, 24/6/2024
619571272, Brooklyn Yniguez, "6356 Essex Court, 2/5/1997, C, F, 23/5/2019, 23/5/2024
603747307, Ava Moore, "9866 Front Street North, 22/8/1915, A, M, 7/11/2019, 7/11/2024
375396222, Ryan Abby, "6429 River Street, 13/11/1910, C, F, 4/2/2018, 4/2/2023
71257691, Abigail Brown, "2693 John Street, 13/5/1975, A, M, 19/1/2018, 19/1/2023
531585490, Malcolm Miller, "2653 Rose Street, 19/12/1968, C, F, 18/6/2017, 18/6/2022
390012866, Grace Fadler, "325 Laurel Drive, 7/7/1916, C, F, 3/1/2017, 3/1/2022
507433855, Brianna Lopez, "3588 Atlantic Avenue, 8/5/1906, C, F, 10/4/2017, 10/4/2022
613965442, Adam Hadder, "321 Highland Drive, 22/3/1916, A, M, 2/3/2018, 2/3/2023
597023717, Grace Thompson, "7235 Charles Street, 28/9/1976, A, F, 18/7/2018, 18/7/2023
634061374, Brooklyn Tormey, "7860 Country Club Road, 25/6/1918, A, M, 23/8/2017, 23/8/2022
47339292, Dennis Westcott, "1915 Heather Lane, 1/6/1924, C, F, 14/2/2017, 14/2/2022
530276233, Audrina Rodriguez, "8373 Windsor Drive, 18/11/1910, C, F, 7/1/2019, 7/1/2024
497246199, Deacon Young, "577 Jefferson Avenue, 23/1/1944, C, F, 2/3/2018, 2/3/2023
551687098, Landon Thomas, "8845 Olive Street, 3/8/1999, A, F, 5/9/2017, 5/9/2022
420937480, Hunter Johnson, "4079 Grand Avenue, 6/5/1924, B, F, 12/7/2019, 12/7/2024
853834549, Bryan Lee, "9552 Essex Court, 25/2/1975, C, F, 27/3/2017, 27/3/2022
490010088, Sophia Jackowski, "1140 Route 30, 2/3/1944, A, M, 15/3/2018, 15/3/2023
724272635, Jeffrey Thomas, "8340 Route 1, 13/1/1943, B, M, 11/9/2018, 11/9/2023
417733268, Dexter Nelson, "10003 River Street, 1/8/1912, B, F, 5/4/2017, 5/4/2022
413991110, Van Wesenberg, "2967 Orchard Avenue, 9/5/1958, B, M, 23/12/2019, 23/12/2024
270392759, Gabriel Wafford, "1422 White Street, 12/12/1952, C, F, 3/1/2018, 3/1/2023
295917821, Gary Falk, "1863 King Street, 14/5/1994, B, F, 4/9/2019, 4/9/2024
546014170, Kathy Perez, "3291 King Street, 13/8/1961, B, F, 13/3/2019, 13/3/20244
92524333, Randy Lee, "1248 Front Street North, 10/7/1978, C, M, 18/1/2018, 18/1/2023
21073301, Brianna Hill, "8340 Cedar Avenue, 21/5/1958, C, F, 24/2/2019, 24/2/2024
565885606, Aditya Clark, "3336 King Street, 3/10/1978, A, M, 4/8/2017, 4/8/2022
136757719, Anthony Tormey, "5442 Cedar Avenue, 21/8/1950, B, F, 28/8/2018, 28/8/2023
872812634, Harry King, "8244 Pleasant Street, 20/4/1910, C, F, 26/10/2019, 26/10/2024
248661925, Atticus Wafford, "7525 Forest Street, 4/8/1949, A, M, 10/1/2018, 10/1/2023
660752388, Jenish Hernandez, "2436 Broad Street, 17/10/1962, C, M, 14/7/2019, 14/7/2024
388461149, Esther Babyak, "6270 Broad Street, 17/8/1930, B, F, 26/5/2017, 26/5/2022
788421944, Richard Waggett, "2211 Warren Avenue, 2/9/1982, B, F, 16/11/2018, 16/11/2023
838756721, Amya Hadder, "8315 Warren Avenue, 10/7/1976, C, M, 20/1/2017, 20/1/2022
812509889, Tabitha Thomas, "5220 Main Street, 16/7/1977, B, F, 14/3/2018, 14/3/2023
249689713, Mateo Gagnon, "9773 Orchard Avenue, 25/5/1960, A, F, 7/7/2019, 7/7/2024
537448805, Mia Serban, "4785 Olive Street, 3/7/1991, A, M, 18/5/2019, 18/5/2024
627995476, Saige Roberts, "2695 Clay Street, 13/1/1904, C, F, 20/1/2019, 20/1/2024
903984261, Matthew Carter, "4776 Garfield Avenue, 19/6/1916, C, M, 2/1/2019, 2/1/2024
858763151, Jose Isaman, "190 Pleasant Street, 16/9/1988, C, F, 5/10/2017, 5/10/2022
305749877, Kathy Nelson, "6496 Atlantic Avenue, 7/5/1975, C, M, 28/7/2018, 28/7/2023
889863861, Timothy Gonzalez, "1269 Linden Avenue, 1/10/1951, C, F, 26/12/2019, 26/12/2024
837725293, Gary Zurick, "6452 Arlington Avenue, 11/3/1993, C, M, 12/2/2019, 12/2/2024
204020410, Brooklyn Nagy, "3922 Crescent Street, 13/6/1956, A, F, 19/3/2018, 19/3/2023
672354041, Eric Perez, "7298 John Street, 14/7/1919, C, F, 1/1/2019, 1/1/2024
333612947, Ryan Kadel, "1125 Route 30, 25/7/1903, B, F, 6/9/2019, 6/9/2024
679390127, Donald Rodriguez, "9717 Front Street North, 6/2/1930, B, F, 9/10/2018, 9/10/2023
17050938, Jazlynn Uhler, "2823 Cedar Lane, 8/2/1939, C, F, 23/4/2019, 23/4/2024
537914429, Marisol Isaman, "3244 Devon Court, 13/11/1950, B, M, 24/1/2019, 24/1/2024
270576992, Grace Hanz, "9665 Summit Avenue, 16/4/1943, B, M, 9/8/2019, 9/8/2024
621460748, Alyssa Caffee, "1006 White Street, 11/6/1934, C, F, 8/3/2018, 8/3/2023
37188316, Walter Hall, "4808 Franklin Avenue, 6/5/1922, B, F, 3/12/2019, 3/12/2024
90539224, Patrick Hill, "4886 Woodland Drive, 11/5/1975, C, M, 9/6/2019, 9/6/2024
197714084, Karissa Turner, "8138 Country Club Road, 1/10/1938, A, F, 9/3/2018, 9/3/2023
25429934, Orion Ealy, "4648 Garfield Avenue, 22/2/1977, A, F, 2/7/2018, 2/7/2023
573075939, Paris Irwin, "3951 Cottage Street, 7/8/1943, C, F, 27/9/2017, 27/9/2022
510930732, David Abelson, "122 Highland Drive, 15/3/1914, A, F, 26/5/2019, 26/5/2024
449829599, Natalie Fader, "7249 Arlington Avenue, 22/7/1924, C, F, 15/9/2018, 15/9/2023
169229027, Amya Shawn, "7211 Clay Street, 2/2/1945, C, M, 13/6/2018, 13/6/2023
286333755, Gideon Baker, "8799 Laurel Lane, 11/7/1983, C, M, 17/12/2019, 17/12/2024
451443330, Humberto Gahm, "8169 Willow Avenue, 14/4/1959, C, F, 19/5/2018, 19/5/2023
680139242, Dexter Hill, "9867 Cottage Street, 16/9/1999, A, M, 7/7/2018, 7/7/2023
637269556, Lauren Falk, "2851 Andover Court, 11/10/1929, B, M, 20/7/2018, 20/7/2023
530854916, Kevin Serban, "7249 Cedar Lane, 27/3/1935, A, M, 13/2/2018, 13/2/2023
769455969, Andrew Babyak, "9652 Main Street, 21/6/1997, B, M, 10/1/2019, 10/1/2024
350962970, Jolie Wilson, "1008 Clay Street, 4/5/1949, B, F, 16/4/2017, 16/4/2022
867078351, Jolie Waggett, "4616 Hanover Court, 15/4/1965, B, M, 5/6/2017, 5/6/2022
666604031, Glenn Labelle, "8277 Court Street, 20/9/1905, B, F, 1/6/2017, 1/6/2022
369965656, Paris Hill, "8875 Franklin Court, 25/7/1978, A, F, 10/4/2019, 10/4/2024
221147052, Joseph Xander, "2501 Charles Street, 26/11/1932, B, M, 19/3/2019, 19/3/2024
481474850, Dennis Eady, "2628 Grand Avenue, 21/10/1907, C, F, 5/2/2018, 5/2/2023
568696480, Eric Gabbert, "5753 King Street, 17/7/1964, B, M, 22/4/2019, 22/4/2024
144962487, David Campbell, "6676 Garfield Avenue, 24/9/1906, C, F, 26/1/2018, 26/1/2023
728191415, Julia Martinez, "8971 Cedar Avenue, 11/7/1973, C, M, 25/12/2018, 25/12/2023
330853722, Russell Yob, "10068 Jefferson Avenue, 19/7/1992, B, F, 16/8/2018, 16/8/2023
516598636, Camilla Collins, "8469 Clay Street, 23/5/1940, C, M, 6/6/2017, 6/6/2022
137703339, Mohammad Fadler, "7984 Warren Avenue, 6/5/1948, B, M, 7/9/2017, 7/9/2022
876033832, Wendy Uhler, "1966 Olive Street, 28/6/1962, B, F, 19/7/2017, 19/7/2022
411129975, Holly Tormey, "7477 Route 1, 8/8/1925, B, F, 28/1/2019, 28/1/2024
21317418, Atticus Miller, "8809 Route 1, 7/4/1977, B, F, 13/8/2018, 13/8/2023
566869320, Hannah Lopez, "452 Orchard Avenue, 24/1/1951, B, M, 15/3/2019, 15/3/2024
487734173, Louis Edwards, "3312 Country Club Road, 13/1/1928, A, F, 10/7/2019, 10/7/2024
866637603, Jenish Rainey, "4060 Cottage Street, 16/8/1908, B, F, 18/10/2019, 18/10/2024
367843375, Aldo Johnson, "4906 Andover Court, 28/10/1987, C, M, 11/3/2017, 11/3/2022
754790188, Tyrese Green, "6977 Windsor Drive, 24/1/1928, A, M, 5/7/2017, 5/7/2022
525724438, Richard King, "4795 Grand Avenue, 8/6/1938, C, F, 25/6/2018, 25/6/2023
208988114, Emily Isaman, "4013 Cedar Lane, 10/7/1971, A, F, 18/3/2019, 18/3/2024
682771416, Isabella Lopez, "343 Essex Court, 20/7/1908, B, F, 14/6/2019, 14/6/2024
889938680, Cecelia Perez, "4302 Crescent Street, 17/4/1988, C, F, 11/10/2018, 11/10/2023
827629078, Katherine Cahn, "8752 Woodland Drive, 1/2/1914, A, F, 14/5/2019, 14/5/2024
688951309, Jos Yniguez, "3251 Monroe Street, 28/6/1913, A, F, 25/1/2018, 25/1/2023
797391230, Atticus Hall, "4132 Devon Court, 12/5/2000, A, F, 9/2/2019, 9/2/2024
11705491, Patrick Gonzalez, "5110 Laurel Lane, 8/12/1940, A, F, 16/4/2017, 16/4/2022
298373042, Jeramiah Wesenberg, "2197 Main Street, 10/5/1987, B, M, 27/12/2019, 27/12/2024
886356961, Jeffrey Dahn, "6755 Essex Court, 3/7/1948, B, M, 7/7/2019, 7/7/2024
248347847, Bryan Taylor, "471 Clay Street, 18/1/1966, A, M, 3/6/2019, 3/6/2024
298411842, Madison Fader, "2270 Rose Street, 12/8/1958, A, M, 22/6/2019, 22/6/2024
639694704, Jolie Hill, "7664 Summit Avenue, 11/5/1953, B, F, 14/9/2019, 14/9/2024
342869606, Taylor Uhler, "2698 River Street, 7/1/1980, A, M, 21/2/2018, 21/2/2023
714619457, Fred Cabler, "1547 Highland Drive, 15/5/1988, C, M, 24/8/2018, 24/8/2023
467042599, Henry Campbell, "8502 Grand Avenue, 25/6/1917, A, M, 21/5/2017, 21/5/2022
375465111, Abraham King, "429 Hanover Court, 24/5/1932, A, M, 6/7/2018, 6/7/2023
144980398, Anna Gonzalez, "6073 Heather Lane, 20/1/1932, A, F, 1/5/2017, 1/5/2022
349435075, Henry Cabello, "8103 Olive Street, 25/12/1974, A, F, 6/3/2018, 6/3/2023
61570307, Raymond Abby, "2830 Franklin Court, 27/4/1988, A, M, 2/3/2018, 2/3/2023
542569837, Anna Gahm, "5111 Jefferson Avenue, 5/5/1997, C, M, 6/3/2018, 6/3/2023
443162645, Brian Brown, "6847 Warren Avenue, 20/10/1927, B, M, 7/9/2018, 7/9/2023
13224176, Jerry Jones, "9694 Route 30, 14/7/1909, A, F, 28/2/2019, 28/2/2024
177996832, Elizabeth Martinez, "8161 Madison Avenue, 24/8/1929, C, M, 17/10/2019, 17/10/2024
399052073, Ethen Caffee, "1482 Fairway Drive, 12/3/1967, C, F, 18/12/2018, 18/12/2023
32482638, Hunter Wesenberg, "5054 Charles Street, 19/4/1936, C, M, 2/4/2017, 2/4/2022
207638942, Anna Yob, "5001 Cedar Lane, 22/11/2002, C, F, 8/6/2019, 8/6/2024
575284303, Abraham Mabrey, "4849 Warren Avenue, 18/12/1974, B, F, 1/9/2018, 1/9/2023
869265007, Mark Nagy, "10071 Linden Avenue, 17/1/1922, C, M, 13/4/2019, 13/4/2024
460459160, Joseph Fadler, "6493 Pleasant Street, 24/6/1931, A, M, 11/4/2018, 11/4/2023
294210223, Gabriel Phillips, "6015 Clay Street, 3/5/1996, B, M, 14/5/2019, 14/5/2024
296719609, Paris Robinson, "8677 Country Club Road, 18/12/1985, B, F, 10/5/2018, 10/5/2023
136661758, Dulce Moore, "6894 Laurel Lane, 7/10/1909, C, M, 27/2/2018, 27/2/2023
560554669, Deacon Cahn, "6710 Forest Street, 16/8/1922, C, M, 20/4/2018, 20/4/2023
199346231, Ryan Babyak, "706 Main Street, 8/3/1973, B, F, 6/9/2017, 6/9/2022
844181426, Eric Evans, "420 Laurel Lane, 1/12/1936, C, F, 11/11/2018, 11/11/2023
512950244, Marisol Gonzalez, "400 Cedar Avenue, 1/12/1986, A, M, 22/11/2017, 22/11/2022
278244969, Gary Nelson, "7046 White Street, 14/7/2001, B, F, 26/11/2019, 26/11/2024
844286075, Paityn Fader, "3637 Briarwood Drive, 21/3/1996, B, F, 13/3/2017, 13/3/2022
663566570, Dallas Nagy, "632 Hanover Court, 5/12/1907, C, M, 25/7/2019, 25/7/2024
263479613, Jerry Green, "3225 Maiden Lane, 5/11/1927, A, M, 6/1/2017, 6/1/2022
638749871, Hannah Tevlin, "4999 Warren Avenue, 17/11/1943, C, M, 21/10/2017, 21/10/2022
728913093, Rihanna Young, "9340 Crescent Street, 15/8/1981, A, F, 14/9/2017, 14/9/2022
232973100, Miah Smith, "938 Front Street North, 5/6/1985, B, M, 17/12/2019, 17/12/2024
107915480, Elizabeth Bacon, "9191 Grand Avenue, 19/6/1949, B, M, 2/1/2018, 2/1/2023
706079140, David Wright, "8347 Clay Street, 2/1/1963, A, M, 28/9/2018, 28/9/2023
780520767, Douglas Serban, "8418 Court Street, 7/12/1991, B, M, 20/3/2017, 20/3/2022
452493772, Glenn Edwards, "6212 Clay Street, 21/4/1912, C, M, 14/7/2017, 14/7/2022
107821872, Deacon Perez, "4049 Atlantic Avenue, 28/12/1922, C, M, 27/4/2018, 27/4/2023
129174677, Victor Lee, "5639 Front Street North, 21/9/1981, A, M, 22/1/2019, 22/1/2024
261462735, Tyler Parker, "8665 Route 1, 4/10/1943, A, M, 8/3/2017, 8/3/202
2635608273, Madison Carter, "8505 Fairway Drive, 13/9/1988, A, F, 23/3/2019, 23/3/2024
148585101, Mohammad Anderson, "769 Highland Drive, 25/12/1947, A, M, 21/12/2019, 21/12/2024
292081819, Camilla Parker, "1117 Laurel Lane, 22/5/1914, B, F, 17/12/2018, 17/12/2023
129318526, Paul Garcia, "4975 John Street, 16/2/1965, B, M, 25/10/2018, 25/10/2023
40364349, Audrina Raisner, "522 Windsor Drive, 1/10/1989, B, M, 26/3/2017, 26/3/2022
708060569, Ralph Cahn, "2771 Rose Street, 14/8/1942, B, F, 12/12/2018, 12/12/2023
601966445, Jeramiah Garcia, "2032 Rose Street, 10/8/1933, C, M, 11/7/2018, 11/7/2023
197908902, Bryan Waggett, "1673 Cedar Lane, 22/1/2002, A, M, 13/10/2019, 13/10/2024
379152729, Aydan Anderson, "3600 Garfield Avenue, 2/9/1974, B, F, 16/3/2018, 16/3/2023
691761253, Javion Fadler, "9558 Grand Avenue, 5/3/1953, A, M, 12/1/2017, 12/1/2022
901585761, Anna Waggett, "7446 Orchard Avenue, 23/9/1930, C, F, 24/2/2018, 24/2/2023
718248577, Jerry Ealy, "3772 Williams Street, 17/12/1983, C, M, 15/3/2018, 15/3/2023
740870250, Emily Adams, "398 Laurel Drive, 27/10/1923, A, F, 9/2/2018, 9/2/2023
901716231, Brooklyn Uhler, "6110 Arlington Avenue, 3/9/2000, B, M, 4/9/2019, 4/9/2024
301743763, Eric Hanz, "9051 Olive Street, 7/3/1911, B, F, 7/8/2019, 7/8/2024
183154677, Reuben Walker, "7015 Heather Lane, 10/5/2000, C, M, 13/5/2018, 13/5/2023
495428611, Jackson Cahn, "6444 Forest Street, 5/9/1912, C, F, 21/7/2019, 21/7/2024
55060815, Tristan Gahm, "356 Main Street, 19/7/1929, B, M, 24/9/2018, 24/9/2023
553658125, Riley Fadler, "4687 Jefferson Avenue, 17/4/1990, C, M, 2/2/2017, 2/2/2022
901530327, Cecelia Johnson, "7534 Devon Court, 7/10/1938, A, F, 25/8/2018, 25/8/2023
735094405, Tabitha Lopez, "213 Front Street North, 6/10/1925, B, F, 15/6/2019, 15/6/2024
186197615, Jackson Caffee, "993 Laurel Drive, 9/10/1991, C, M, 6/3/2019, 6/3/2024
375782114, Addison Abelson, "2981 Charles Street, 12/3/1977, B, F, 23/4/2017, 23/4/2022
842226204, Martin Hall, "811 Charles Street, 28/1/1926, A, F, 20/11/2017, 20/11/2022
663089347, Dulce Martinez, "6065 Cedar Avenue, 6/10/1960, A, F, 27/2/2017, 27/2/2022
377550780, Carl Falk, "6325 Arlington Avenue, 22/12/1919, C, F, 16/6/2018, 16/6/2023
834425335, Sophia Campbell, "2716 Warren Avenue, 18/1/1952, A, F, 17/7/2019, 17/7/2024
878415583, Leonel Xander, "6250 Charles Street, 15/6/1974, B, M, 19/4/2017, 19/4/2022
147465874, Elijah Brown, "573 Broad Street, 18/6/1974, C, M, 15/10/2019, 15/10/2024
139387448, Gwendolyn Green, "4638 Windsor Drive, 11/11/1953, A, F, 25/8/2017, 25/8/2022
76690598, Efrain Xander, "1847 Country Club Road, 22/11/1934, B, M, 28/10/2018, 28/10/2023
392171474, Kevin Harber, "4448 Hanover Court, 21/5/1986, C, M, 13/9/2017, 13/9/2022
709588240, Taylor Wafford, "6248 Woodland Drive, 16/3/1911, C, M, 10/5/2018, 10/5/2023
260549787, Ethen Negley, "6741 Atlantic Avenue, 8/5/1936, B, M, 25/11/2018, 25/11/2023
391791465, Patrick Lopez, "6176 Arlington Avenue, 8/8/1981, B, M, 25/10/2019, 25/10/2024
467436006, Cierra Uhler, "5073 Madison Avenue, 28/12/1987, A, M, 6/2/2017, 6/2/2022
458683824, Richard Waggett, "5614 Andover Court, 7/6/1953, B, F, 3/10/2019, 3/10/2024
771788132, Cierra Hill, "7164 Laurel Lane, 22/3/1937, C, M, 19/11/2017, 19/11/2022
134219249, Marisol Collins, "656 Broad Street, 18/11/1959, A, F, 11/3/2019, 11/3/2024
749329854, Noah Fadler, "6024 Woodland Drive, 8/9/1952, B, F, 17/11/2017, 17/11/2022
611717635, Bobby Campbell, "5228 Fairway Drive, 4/7/1917, B, F, 15/12/2017, 15/12/2022
175893368, Walker Baker, "7381 Charles Street, 11/1/2001, C, M, 10/4/2018, 10/4/2023
288585533, Jackson Harber, "6804 Arlington Avenue, 21/6/1905, A, F, 28/5/2018, 28/5/2023
808025682, Aniya Rainey, "4461 Orchard Avenue, 4/7/1944, B, F, 10/7/2018, 10/7/2023
94374229, Aydan Abby, "1549 Williams Street, 14/12/1940, C, F, 6/11/2017, 6/11/2022
111538863, Carl Johnson, "3236 Court Street, 27/10/1940, C, F, 13/12/2019, 13/12/2024
801924196, Alexis Phillips, "5018 Charles Street, 28/10/1963, C, F, 27/7/2017, 27/7/2022
403214743, Elvis Baker, "9553 Broad Street, 9/9/1945, C, M, 5/8/2017, 5/8/2022
881347920, Van Wafford, "6405 Route 30, 18/3/1941, B, F, 5/1/2017, 5/1/2022
489340540, Roy Rainey, "7552 Highland Drive, 13/2/1953, C, M, 9/5/2017, 9/5/2022
12260797, Julia Campbell, "2190 Madison Avenue, 8/11/1988, A, F, 23/12/2018, 23/12/2023
415668592, Mohammad Hernandez, "4209 Olive Street, 14/11/1995, A, M, 4/4/2017, 4/4/2022
320929740, Taylor Gonzalez, "1858 Front Street North, 3/5/1925, B, F, 25/5/2017, 25/5/2022
564451247, Patrick Cahn, "5383 Laurel Lane, 15/4/1926, A, M, 11/5/2018, 11/5/2023
189689769, Kevin Young, "6014 Linden Avenue, 3/1/1987, A, M, 2/11/2017, 2/11/2022
366779897, Javion Thompson, "1480 Woodland Drive, 16/6/1969, C, F, 17/12/2017, 17/12/2022
182954560, Kenneth Mitchell, "5800 John Street, 2/10/1976, C, F, 8/6/2017, 8/6/2022
450438599, Fred Martin, "3631 White Street, 22/4/1974, C, M, 2/3/2019, 2/3/2024
676321187, Adam Thomas, "7471 Monroe Street, 23/10/1936, C, M, 20/12/2019, 20/12/2024
784778700, Alyssa Fadler, "8432 Grand Avenue, 6/9/1936, C, M, 3/2/2018, 3/2/2023
817233962, Paul Tevlin, "2180 Windsor Drive, 10/8/1952, A, F, 7/3/2018, 7/3/2023
188236031, Paul Xander, "6015 Laurel Drive, 12/4/1999, B, M, 15/5/2017, 15/5/2022
343993574, Emmanuel Davis, "7091 Ann Street, 5/2/1983, C, F, 2/7/2019, 2/7/2024
453265077, Randy Gahm, "3725 Ann Street, 8/12/1903, A, M, 15/1/2018, 15/1/2023
704146919, Grace Nagy, "628 Grand Avenue, 24/3/1990, C, M, 11/12/2018, 11/12/2023
105061852, Finnegan Eady, "7118 Garfield Avenue, 1/4/1944, A, M, 13/3/2017, 13/3/2022
661244634, Rihanna Gabbert, "8322 Court Street, 19/4/1916, C, F, 8/1/2019, 8/1/2024
77577639, Justin Scott, "5900 Linden Avenue, 5/11/1967, C, F, 4/11/2019, 4/11/2024
192358881, Avery Xander, "6909 Garfield Avenue, 14/4/1978, C, F, 1/7/2017, 1/7/2022
828046335, Stella Carter, "7822 Orchard Avenue, 19/12/1982, C, M, 26/1/2019, 26/1/2024
769161409, Samantha Lopez, "1837 Laurel Lane, 10/8/1970, A, F, 1/5/2018, 1/5/2023
486527572, Ruby Thomas, "1773 Grand Avenue, 24/3/1994, A, F, 1/3/2017, 1/3/2022
273257793, Sydnee Carter, "6243 Route 1, 16/8/1938, A, F, 15/7/2017, 15/7/2022
120436426, Anthony Moore, "1116 Heather Lane, 10/12/1961, A, F, 15/10/2017, 15/10/2022
609947497, Olivia Zurick, "8551 Broad Street, 6/2/1928, C, M, 14/11/2017, 14/11/2022
101951461, Douglas Hadder, "9797 Devon Court, 12/9/1905, A, M, 22/12/2019, 22/12/2024
681111284, Joe Abelson, "1815 Monroe Street, 17/8/1933, A, M, 7/1/2019, 7/1/2024
382520345, Timothy Zurick, "2932 Atlantic Avenue, 26/10/1918, A, M, 17/6/2018, 17/6/2023
306144380, Abigail Harris, "4457 Warren Avenue, 27/12/1954, B, F, 10/5/2017, 10/5/2022
20841494, Natalie Mitchell, "1765 Broad Street, 28/5/1947, B, F, 11/11/2017, 11/11/2022
211696270, Elvis Labelle, "5044 Summit Avenue, 23/5/1983, C, F, 23/2/2018, 23/2/2023
662668835, Victor Yob, "9126 Fairway Drive, 26/1/1985, B, F, 26/8/2018, 26/8/2023
373191180, Bryan Scott, "4559 Franklin Court, 26/1/1936, C, F, 3/4/2017, 3/4/2022
708718078, Ava Taylor, "8846 Charles Street, 27/6/1989, B, M, 23/9/2018, 23/9/2023
669243715, Ralph Viana, "6340 Cottage Street, 12/4/1938, C, M, 8/3/2018, 8/3/2023
502366670, Alyssa Hill, "8841 Hanover Court, 18/6/1987, B, F, 19/12/2017, 19/12/2022
369411737, Tristan Gabbert, "3278 Main Street, 13/4/1932, C, M, 3/11/2019, 3/11/2024
805367580, Essence Lee, "5967 Front Street North, 9/4/1935, A, M, 5/5/2019, 5/5/2024
582416970, Hunter Falk, "6958 Rose Street, 8/1/2000, A, M, 26/8/2017, 26/8/2022
626492745, Hannah Williams, "9731 Court Street, 16/1/1970, C, F, 15/2/2017, 15/2/2022
522819807, Emma Harber, "7298 Atlantic Avenue, 21/10/1924, A, M, 19/8/2019, 19/8/2024
745906831, Brian Roberts, "3372 White Street, 18/2/1914, B, F, 13/10/2018, 13/10/2023
339073249, Henry Tormey, "577 Front Street North, 13/7/1914, C, M, 19/12/2019, 19/12/2024
102204830, Van Smith, "4192 Summit Avenue, 21/10/1946, A, M, 19/9/2019, 19/9/2024
756646284, Anna Harris, "5089 Grand Avenue, 7/10/1979, C, F, 18/7/2017, 18/7/2022
91607831, John Garcia, "8092 John Street, 5/2/1917, B, F, 27/9/2018, 27/9/2023
344339081, Harry Taylor, "6331 Devon Court, 23/10/1925, B, F, 9/4/2017, 9/4/2022
467940682, Aniya Westcott, "7717 Essex Court, 8/2/1991, A, F, 5/1/2018, 5/1/2023
603327972, Richard Caffee, "5099 Monroe Street, 20/8/1932, A, F, 8/1/2017, 8/1/2022
432725387, Audrina Abelson, "9160 Ann Street, 11/2/1936, A, M, 17/2/2018, 17/2/2023
24736652, Olivia Babyak, "1414 Pleasant Street, 24/1/1966, B, F, 7/4/2019, 7/4/2024
183868658, Grady Uhler, "9382 Linden Avenue, 14/7/1967, C, M, 19/3/2017, 19/3/2022
363898377, Walter Allen, "6489 White Street, 19/8/1943, C, F, 14/1/2017, 14/1/2022
873002092, Matthew Mitchell, "2817 Willow Avenue, 1/6/1936, C, M, 15/12/2019, 15/12/2024
88003725, Sebastian Tormey, "7544 Pleasant Street, 24/12/1936, C, M, 3/5/2018, 3/5/2023
419846904, Jacquelyn Nagy, "6230 Fairway Drive, 5/12/1913, C, F, 10/2/2018, 10/2/2023
234056106, Jerry Gabbert, "6128 Orchard Avenue, 17/4/1963, C, M, 14/10/2017, 14/10/2022
407579212, Cecelia Harber, "6500 Cedar Avenue, 25/3/2002, C, M, 26/7/2017, 26/7/2022
885273849, Gabriel Westcott, "4625 Rose Street, 25/10/1973, B, M, 15/10/2019, 15/10/2024
164957698, Julia Wafford, "5089 Essex Court, 28/9/1972, C, F, 15/12/2018, 15/12/2023
98032931, Cesar Brown, "2574 Briarwood Drive, 16/6/1973, C, F, 25/8/2017, 25/8/2022
690874223, Brian Rainey, "2310 Maiden Lane, 20/9/1936, A, F, 24/8/2018, 24/8/2023
363694651, Atticus Zurick, "4452 Fairway Drive, 21/3/1964, B, M, 7/9/2019, 7/9/2024
908187517, Aubrey Thomas, "7352 Front Street North, 12/11/2002, A, M, 27/7/2017, 27/7/2022
23861166, Diamond Nelson, "2322 Cottage Street, 16/2/1985, C, F, 10/11/2018, 10/11/2023
284026058, Russell Mitchell, "7145 Olive Street, 17/1/1985, B, M, 28/4/2018, 28/4/2023
282625835, Paityn Xander, "6793 Crescent Street, 22/10/1993, A, F, 27/4/2017, 27/4/2022
78040094, Gwendolyn Garcia, "6442 White Street, 16/10/1970, C, F, 4/10/2019, 4/10/2024
309780710, Raymond Allen, "663 Atlantic Avenue, 10/8/2001, A, M, 16/11/2018, 16/11/2023
89319599, Carl Hadder, "7567 Monroe Street, 22/12/1960, A, M, 9/6/2019, 9/6/2024
786775228, Joy Brown, "7176 Country Club Road, 21/10/1994, C, M, 18/8/2019, 18/8/2024
656187254, Ruby Moore, "6900 Broad Street, 18/3/1926, B, M, 24/8/2018, 24/8/2023
899523474, Deacon Rainey, "6309 Main Street, 22/4/1993, A, M, 23/9/2017, 23/9/2022
375253738, Cierra Williams, "5809 Windsor Drive, 3/9/1940, B, M, 28/9/2018, 28/9/2023
476465201, Yamilet Perez, "2326 Laurel Drive, 15/11/1957, A, M, 13/12/2019, 13/12/2024
463833311, Aiden Cahn, "3451 Linden Avenue, 22/4/1936, C, M, 5/1/2019, 5/1/2024
147292732, Kevin Ohrt, "1135 Franklin Avenue, 22/2/1956, B, F, 11/7/2018, 11/7/2023
635677434, Carlos King, "5685 Hanover Court, 27/9/1953, A, M, 28/7/2018, 28/7/2023
862027248, Gabriel Jackson, "4500 Hanover Court, 23/9/1917, C, F, 8/11/2018, 8/11/2023
737205918, Emma Thompson, "7637 Broad Street, 22/2/1908, C, M, 11/2/2018, 11/2/2023
854730050, Charles Walker, "3613 Arlington Avenue, 19/4/1957, B, F, 2/1/2018, 2/1/2023
641196603, Tristan King, "2813 Franklin Avenue, 27/9/1932, A, M, 16/7/2019, 16/7/2024
908134249, Stephen White, "9129 Court Street, 25/5/1919, B, M, 7/2/2018, 7/2/2023
814718919, Amber Wafford, "4087 Woodland Drive, 25/11/1935, A, M, 11/4/2018, 11/4/2023
676309491, Ryan Cabello, "9746 Court Street, 11/8/1943, B, F, 10/7/2017, 10/7/2022
161265105, Morgan Caffee, "855 Front Street North, 7/5/1930, A, F, 9/2/2019, 9/2/2024
778030887, Henry Fadler, "154 White Street, 14/4/1939, A, F, 13/10/2019, 13/10/2024
279852539, Rihanna Viana, "3965 Orchard Avenue, 21/7/1978, A, F, 18/11/2018, 18/11/2023
476273260, Ralph Martinez, "7584 Franklin Avenue, 7/5/1918, C, F, 6/12/2019, 6/12/2024
840577905, Marisol Tabbert, "1001 Devon Court, 21/10/1927, B, F, 12/10/2019, 12/10/2024
81224739, Gideon Abelson, "5968 Jefferson Avenue, 10/2/1907, A, F, 9/4/2018, 9/4/2023
765252097, Aditya Gagnon, "774 Orchard Avenue, 10/9/1913, A, M, 7/6/2017, 7/6/2022
557108179, Ryleigh Serban, "1467 Warren Avenue, 18/8/1973, A, F, 22/2/2019, 22/2/2024
604329056, Faith Walker, "7890 Grand Avenue, 25/2/1950, C, M, 24/4/2017, 24/4/2022
605400213, Dixie Martin, "9477 Franklin Court, 28/1/1966, B, M, 7/8/2017, 7/8/2022
709088952, Wendy Taylor, "2404 Cedar Avenue, 23/10/1994, B, F, 16/2/2018, 16/2/2023
379885954, Essence Wesenberg, "4126 Country Club Road, 2/8/1961, A, F, 21/5/2017, 21/5/2022
657064618, Cierra Hanz, "7833 Broad Street, 21/6/1987, C, M, 11/10/2017, 11/10/2022
812029016, Amya Mabrey, "8560 Madison Avenue, 20/4/1984, A, M, 5/6/2017, 5/6/2022
779151491, Louis Thompson, "2741 Monroe Street, 27/9/1919, B, M, 12/6/2017, 12/6/2022
500876072, David Cabler, "9511 Willow Avenue, 13/4/1996, C, M, 27/7/2019, 27/7/2024
870997632, Tyrese Roberts, "3586 Highland Drive, 8/2/1966, C, M, 20/1/2017, 20/1/2022
439120693, Reagan Anderson, "7583 Franklin Avenue, 19/12/1917, C, F, 19/8/2018, 19/8/2023
258948424, Glenn Lee, "10092 Crescent Street, 10/8/1972, A, F, 14/4/2019, 14/4/2024
886889739, Paris Hill, "1993 Devon Court, 17/8/1995, C, M, 23/10/2018, 23/10/2023
445213671, Troy Dahn, "2544 Jefferson Avenue, 5/12/1918, A, F, 2/6/2019, 2/6/2024
761206887, Amya Wilson, "8214 Olive Street, 3/8/1927, B, F, 6/8/2017, 6/8/2022
13791308, Amber Anderson, "3486 Willow Avenue, 17/4/1907, C, F, 14/2/2018, 14/2/2023
685883694, Ronald Lewis, "7854 Linden Avenue, 4/6/1958, B, F, 24/6/2019, 24/6/2024
129867768, Ethen Martin, "6597 Pleasant Street, 15/2/1927, C, F, 6/12/2017, 6/12/2022
554560670, Joshua Lee, "504 Devon Court, 17/12/1908, A, M, 10/9/2019, 10/9/2024
439280751, Elijah Harris, "1487 Charles Street, 4/6/1968, C, F, 9/10/2018, 9/10/2023
182251104, Paul Bacon, "6404 Woodland Drive, 7/8/1909, A, F, 12/12/2019, 12/12/2024
640010042, Carl Zurick, "2844 Devon Court, 11/10/1958, B, F, 14/4/2019, 14/4/2024
701101405, Abraham Fader, "6896 Main Street, 26/6/1967, C, F, 10/5/2019, 10/5/2024
303227287, Chloe Thomas, "2980 Warren Avenue, 8/10/1907, C, M, 17/8/2017, 17/8/2022
809540953, Gregory Serban, "9685 Garfield Avenue, 27/12/2001, B, F, 14/7/2019, 14/7/2024
466397121, Mia Dahn, "103 Clay Street, 24/8/1957, C, M, 16/3/2017, 16/3/2022
442978354, Dixie Baker, "3830 Front Street North, 9/5/1953, C, F, 15/12/2018, 15/12/2023
305693499, Kenneth Smith, "1217 Grand Avenue, 2/4/1955, B, F, 15/1/2019, 15/1/2024
799078045, Jackson Jackowski, "9236 Forest Street, 21/8/1931, B, M, 7/9/2019, 7/9/2024
799326093, Rihanna Bacon, "2122 Windsor Drive, 4/10/1938, B, M, 22/4/2018, 22/4/2023
256406046, Ryleigh Jones, "7143 Summit Avenue, 12/4/1947, B, M, 22/10/2017, 22/10/2022
282245003, Gabriel Uhler, "9112 Ann Street, 4/4/1918, B, F, 18/8/2018, 18/8/2023
399954064, Ashley Tormey, "5603 Pleasant Street, 25/7/2000, C, F, 3/12/2018, 3/12/2023
677776421, Lauren Wilson, "852 Front Street North, 14/10/1979, A, M, 15/7/2019, 15/7/2024
773933982, Henry King, "2394 Atlantic Avenue, 13/9/1936, A, F, 14/9/2017, 14/9/2022
323403521, Efrain Babyak, "9914 Pleasant Street, 28/2/1978, B, M, 14/8/2018, 14/8/2023
848214156, Carter Fader, "3474 Forest Street, 18/11/1929, A, M, 22/10/2019, 22/10/2024
488099628, Aldo Bacon, "8935 Warren Avenue, 18/8/1903, A, F, 19/2/2019, 19/2/2024
834717948, Chloe Mitchell, "524 Madison Avenue, 9/6/1904, A, F, 14/1/2019, 14/1/2024
849080767, Samantha Kadel, "1358 Fairway Drive, 2/4/1993, B, F, 1/6/2017, 1/6/2022
581399119, Jeramiah Mitchell, "7297 Olive Street, 23/8/1906, B, F, 13/8/2017, 13/8/2022
332283582, Jolie Ealy, "5872 Ann Street, 26/12/1924, B, F, 4/9/2017, 4/9/2022
581904922, Jesse Wright, "9834 Andover Court, 27/6/1958, B, F, 4/12/2017, 4/12/2022
102344031, Jes Scott, "7732 White Street, 18/3/1950, B, F, 10/10/2018, 10/10/2023
115997843, Brooklyn Ohrt, "6543 Broad Street, 19/4/1994, C, F, 21/6/2017, 21/6/2022
218325759, Julia Xander, "421 Woodland Drive, 8/1/1967, A, F, 13/6/2018, 13/6/2023
159438114, Michael Shawn, "1286 Route 1, 15/5/1961, B, M, 2/8/2017, 2/8/2022
349707775, Emily Eady, "2999 Grand Avenue, 26/1/1946, C, F, 18/8/2019, 18/8/2024
38920134, Jason Perez, "9281 Willow Avenue, 6/10/1919, A, M, 9/12/2019, 9/12/2024
759978516, Mateo Parker, "5970 Highland Drive, 28/10/1995, C, F, 25/10/2018, 25/10/2023
319951742, Anna Allen, "2608 Cedar Lane, 25/9/1984, A, M, 7/6/2017, 7/6/2022
37789005, Wendy Mabrey, "8209 Atlantic Avenue, 27/6/1979, A, F, 8/11/2017, 8/11/202
2710425234, Raymond Williams, "2207 King Street, 19/7/1913, C, M, 16/2/2018, 16/2/2023
813656499, Brianna Yniguez, "2801 Pleasant Street, 16/1/1954, A, M, 9/2/2017, 9/2/2022
183486511, Ryan Gagnon, "2731 Andover Court, 25/8/1947, C, M, 4/6/2017, 4/6/2022
283469465, Amani Perez, "4635 Clay Street, 13/10/1951, C, M, 11/7/2017, 11/7/2022
847932402, Hannah Gagnon, "806 Windsor Drive, 27/10/1991, C, M, 4/5/2019, 4/5/2024
483692488, Madison Rainey, "204 Rose Street, 10/7/1944, B, M, 24/8/2019, 24/8/2024
803492548, Jenish Thompson, "8059 Route 30, 17/4/1942, C, M, 9/5/2018, 9/5/2023
23153349, Dexter Serban, "5107 Fairway Drive, 4/5/1993, A, M, 16/6/2017, 16/6/2022
311355909, Walker Hill, "9863 Franklin Avenue, 18/5/1909, C, F, 17/8/2018, 17/8/2023
830792642, Aubrey Martinez, "2044 Laurel Lane, 7/12/1988, A, F, 1/6/2017, 1/6/2022
854310206, Jolie Tormey, "966 Briarwood Drive, 1/5/1909, B, M, 12/6/2019, 12/6/2024
387905813, Olivia Xander, "507 Route 1, 21/8/1905, B, M, 27/6/2019, 27/6/2024
596891274, Van Carter, "5882 Cottage Street, 8/10/1946, A, F, 19/4/2017, 19/4/2022
610087645, Danny Babyak, "2941 Route 30, 10/11/1931, C, F, 10/11/2017, 10/11/2022
665826714, Brian Jones, "2617 Woodland Drive, 16/9/1907, C, F, 9/1/2018, 9/1/2023
393257755, Stella Cabler, "1533 Warren Avenue, 16/9/1927, A, F, 16/6/2018, 16/6/2023
352039543, Riley Serban, "6046 Route 1, 23/10/1976, A, F, 10/1/2017, 10/1/2022
16682279, Paul Hall, "3085 Laurel Lane, 20/4/1933, C, M, 14/6/2019, 14/6/2024
825817579, Henry Mitchell, "8214 Route 30, 24/4/1934, A, M, 1/10/2017, 1/10/2022
898405477, Saige Lopez, "2426 Cedar Lane, 8/2/1984, C, M, 10/11/2017, 10/11/2022
276702982, Bobby Gabbert, "3377 Pleasant Street, 17/3/1944, A, F, 23/8/2017, 23/8/2022
348091057, Noah Urick, "6047 Orchard Avenue, 7/8/1941, C, M, 1/11/2018, 1/11/2023
510162284, Humberto Garcia, "6838 Williams Street, 11/3/1992, C, F, 24/7/2019, 24/7/2024
610584359, Carl Lee, "5982 Pleasant Street, 13/11/1928, B, M, 4/4/2017, 4/4/2022
147378503, Morgan Green, "2291 Pleasant Street, 10/8/1958, A, F, 24/11/2018, 24/11/2023
513341794, Peter Hall, "462 River Street, 3/1/1990, B, M, 25/5/2017, 25/5/2022
733020692, Gabriel Wilson, "9153 Arlington Avenue, 23/1/1981, C, M, 13/7/2019, 13/7/2024
370848693, Keith Viana, "6944 Woodland Drive, 24/1/1967, B, F, 24/3/2018, 24/3/2023
851519914, Carter King, "1341 Country Club Road, 23/9/1986, A, F, 28/3/2019, 28/3/2024
342540656, Walter Fadler, "8687 Laurel Lane, 12/3/1985, B, F, 11/2/2019, 11/2/2024
315863351, Riley Wesenberg, "9451 Essex Court, 16/2/1905, C, F, 6/12/2018, 6/12/2023
450419872, Cecelia Lee, "7518 John Street, 14/5/1970, A, M, 3/11/2017, 3/11/2022
799330571, Paul Anderson, "3380 Route 30, 17/6/1927, B, M, 18/4/2019, 18/4/2024
764635112, Donald Lee, "4424 Country Club Road, 19/2/1904, A, M, 6/7/2019, 6/7/2024
710388339, Chloe Evans, "2423 Franklin Avenue, 12/3/1915, C, M, 27/3/2017, 27/3/2022
599394445, Harry Harber, "6727 Madison Avenue, 21/1/1977, B, F, 21/6/2017, 21/6/2022
380123466, Brooklyn Irwin, "7707 Summit Avenue, 11/3/2000, A, F, 27/6/2019, 27/6/2024
338174255, Tabitha Rodriguez, "2106 Atlantic Avenue, 21/3/1937, B, F, 21/5/2017, 21/5/2022
751921334, Mateo Uhler, "4795 Laurel Drive, 14/9/1907, C, F, 12/6/2017, 12/6/2022
170809282, Alivia Rainey, "1161 Crescent Street, 14/4/1998, B, M, 5/11/2019, 5/11/2024
130778351, Miranda Uhler, "1898 Williams Street, 11/12/1908, A, F, 12/1/2018, 12/1/2023
785119641, Anna Carter, "1298 Olive Street, 5/12/1931, A, F, 8/4/2018, 8/4/2023
216912386, Miah Abelson, "8386 Route 30, 23/4/1910, B, F, 19/5/2017, 19/5/2022
616012655, Etha Taylor, "2559 Devon Court, 12/9/1920, C, F, 10/8/2019, 10/8/2024
819244250, Sydnee Negley, "4377 Orchard Avenue, 21/6/1958, B, F, 18/8/2018, 18/8/2023
133351050, Isabella Mabrey, "5088 Laurel Lane, 13/12/1986, A, F, 8/11/2017, 8/11/2022
897209338, Gary Garcia, "5791 Maiden Lane, 4/6/1933, B, M, 18/4/2018, 18/4/2023
103979873, Carter Rodriguez, "6146 Heather Lane, 11/4/2002, A, M, 16/10/2017, 16/10/2022
86485688, Tyler Bacon, "7426 River Street, 4/9/1953, A, M, 26/5/2018, 26/5/2023
668750235, Yamilet Fadler, "6975 Grand Avenue, 13/12/1943, C, M, 5/1/2018, 5/1/2023
263599475, Brian Taylor, "6002 Front Street North, 17/11/1930, C, F, 4/12/2017, 4/12/2022
743916334, Carlos Irwin, "5857 Monroe Street, 11/3/1995, A, F, 12/6/2019, 12/6/2024
470883719, Addison Hanz, "5333 Route 30, 4/6/1967, B, F, 4/3/2018, 4/3/2023
523871410, Xzavier Martin, "1131 John Street, 18/1/1983, B, M, 27/2/2018, 27/2/2023
772143577, Michael Kadel, "7517 Route 1, 9/9/1903, C, F, 21/6/2018, 21/6/2023
894539445, Natalie Turner, "3821 Orchard Avenue, 22/7/1912, B, F, 16/5/2017, 16/5/2022
209080506, James Gagnon, "3499 River Street, 17/5/1913, A, M, 13/4/2019, 13/4/2024
296119142, Faith Lopez, "3252 Heather Lane, 9/2/1946, B, M, 3/12/2019, 3/12/2024
841529858, Tristan Harber, "7054 Forest Street, 15/10/1957, C, F, 20/4/2018, 20/4/2023
612744325, Caden Yob, "6532 Court Street, 18/7/1968, B, M, 27/9/2017, 27/9/2022
51105637, Stella Ealy, "3442 Crescent Street, 27/2/1983, B, M, 3/5/2018, 3/5/2023
324840279, Emma Williams, "8411 King Street, 8/3/1928, A, F, 11/11/2018, 11/11/2023
33800168, Isabelle Eady, "7899 King Street, 19/7/1948, A, F, 7/4/2019, 7/4/2024
38694001, Wendy Labelle, "1820 Linden Avenue, 8/6/1966, A, M, 27/2/2018, 27/2/2023
416291003, Humberto Isaman, "8098 Franklin Avenue, 13/9/1965, C, F, 5/9/2019, 5/9/2024
121359471, Ava Hernandez, "2902 Laurel Drive, 10/8/1947, B, F, 16/12/2017, 16/12/2022
56527254, Caden Yob, "2427 Franklin Court, 8/6/1934, C, M, 4/3/2018, 4/3/2023
479157160, Selina Hill, "5499 Andover Court, 19/6/1983, C, F, 27/8/2018, 27/8/2023
861086875, Kevin Campbell, "7720 Laurel Drive, 2/7/1913, C, M, 15/10/2017, 15/10/2022
173581103, Anthony Abby, "657 Briarwood Drive, 10/8/1950, A, F, 3/4/2017, 3/4/2022
578345709, Elizabeth Edwards, "9596 Essex Court, 26/4/1990, B, M, 4/3/2017, 4/3/2022
459789532, Steve Yniguez, "5467 Hanover Court, 12/2/1911, C, M, 6/12/2017, 6/12/2022
155957865, Mohammad White, "8136 Willow Avenue, 10/1/1926, C, F, 7/9/2018, 7/9/2023
370422468, Saige King, "894 Madison Avenue, 12/6/1926, A, F, 1/5/2019, 1/5/2024
290601663, Tyler Tevlin, "6780 Essex Court, 4/6/1966, B, F, 3/1/2018, 3/1/2023
93350401, Justin Urick, "1130 Laurel Drive, 1/11/1954, B, M, 25/12/2019, 25/12/2024
116331242, Bobby Hall, "5550 Charles Street, 5/4/1958, A, M, 4/7/2019, 4/7/2024
350598372, Grady Williams, "9449 River Street, 16/2/1987, A, M, 10/8/2019, 10/8/2024
652861049, Saige King, "1160 Front Street North, 27/2/1990, B, M, 20/1/2017, 20/1/2022
510413317, Essence Waggett, "7507 Main Street, 17/12/1996, B, M, 18/2/2018, 18/2/2023
886556989, William Carter, "3016 Arlington Avenue, 14/6/1904, B, M, 22/11/2018, 22/11/2023
577230189, Paul Kadel, "3583 Williams Street, 24/4/1940, A, F, 20/3/2018, 20/3/2023
261899428, Mohammad Viana, "964 Madison Avenue, 18/3/1950, A, F, 9/8/2018, 9/8/2023
628480736, Emmanuel Fader, "228 Summit Avenue, 23/10/1981, B, M, 25/9/2019, 25/9/2024
428761613, David Shawn, "6708 Warren Avenue, 4/6/1927, A, M, 9/9/2019, 9/9/2024
841232464, Amani Davis, "2936 Cottage Street, 24/12/1973, C, F, 13/10/2018, 13/10/2023
392735005, Jacquelyn Abelson, "7192 Court Street, 20/6/1988, B, F, 27/2/2017, 27/2/2022
713884497, Clay Davis, "5830 Main Street, 20/7/1978, A, M, 1/3/2017, 1/3/2022
439324383, Abigail Garcia, "5223 Essex Court, 6/6/1915, A, F, 25/4/2019, 25/4/2024
519446249, Daniel Yniguez, "1619 Heather Lane, 19/1/1953, A, F, 4/9/2017, 4/9/2022
298861033, Avery Ealy, "7931 Arlington Avenue, 16/12/1933, C, M, 14/9/2018, 14/9/2023
491952327, Elvis Harber, "7355 River Street, 7/11/1992, A, M, 24/5/2017, 24/5/2022
461768244, Olivia Labelle, "8527 Maiden Lane, 27/5/1922, B, M, 14/6/2019, 14/6/2024
714189597, Marisol Gagnon, "9462 Court Street, 3/3/1968, C, M, 25/2/2018, 25/2/2023
628191709, Anthony Phillips, "7700 Fairway Drive, 10/4/1921, C, M, 15/8/2017, 15/8/2022
339195288, David Irwin, "840 White Street, 26/1/1993, B, F, 13/3/2018, 13/3/2023
261897299, Paris Zurick, "7059 Essex Court, 14/1/1978, A, M, 4/11/2019, 4/11/2024
877528646, Aiden Mabrey, "1133 Linden Avenue, 25/1/1959, A, M, 21/8/2018, 21/8/2023
158052789, Roy White, "2664 Fairway Drive, 24/12/1916, C, F, 18/11/2017, 18/11/2022
343891474, Joe Serban, "2108 Madison Avenue, 17/12/1965, B, M, 15/2/2017, 15/2/2022
243952667, Wendy Johnson, "8605 Pleasant Street, 18/1/1973, C, M, 28/11/2018, 28/11/2023
280788348, Selina Bacon, "4738 Andover Court, 12/11/1921, C, F, 25/4/2019, 25/4/2024
600470205, Sophia Caffee, "9685 Route 1, 21/1/1912, A, M, 14/12/2019, 14/12/2024
291824289, Emmanuel Nagy, "7063 Jefferson Avenue, 24/9/1962, C, F, 16/10/2019, 16/10/2024
463028841, Patrick Serban, "4546 Fairway Drive, 14/10/1934, B, F, 1/1/2018, 1/1/2023
34655621, Carl White, "8743 River Street, 6/3/1947, A, F, 16/4/2017, 16/4/2022
96531901, Russell Adams, "3346 Laurel Lane, 22/12/1905, C, M, 15/7/2017, 15/7/2022
493155697, Ryan Xander, "2399 Willow Avenue, 1/5/1914, B, M, 15/1/2018, 15/1/2023
563541540, Martin Negley, "4570 Laurel Drive, 22/2/1915, A, F, 11/6/2018, 11/6/2023
301498537, Dixie Perez, "5321 King Street, 20/12/1983, C, M, 24/10/2017, 24/10/2022
166102442, Malcolm Jones, "2946 Maiden Lane, 19/8/1929, B, F, 27/1/2017, 27/1/2022
826964821, Ava Miller, "5006 Williams Street, 18/5/1964, C, F, 12/6/2018, 12/6/2023
370916268, Glenn Perez, "1444 King Street, 25/1/1952, B, M, 20/12/2018, 20/12/2023
464103326, David Babyak, "5912 Orchard Avenue, 24/8/1945, C, M, 13/4/2017, 13/4/2022
92063488, Reagan Roberts, "8009 Rose Street, 8/1/1910, A, F, 13/4/2018, 13/4/2023
452187189, Caden Yob, "1346 Atlantic Avenue, 16/1/1909, C, F, 25/9/2017, 25/9/2022
358129277, Jos Rainey, "9164 Heather Lane, 17/11/1942, C, M, 22/2/2017, 22/2/2022
168097316, Natalie Zurick, "399 Cedar Avenue, 1/7/1925, C, F, 16/5/2019, 16/5/2024
795526226, Riley Eady, "603 Willow Avenue, 10/11/1971, C, F, 14/2/2018, 14/2/2023
377596534, Gavin Caffee, "8479 Franklin Avenue, 22/7/1921, A, F, 15/4/2017, 15/4/2022
447369771, Van Abby, "2145 Franklin Court, 22/12/1903, A, M, 21/9/2019, 21/9/2024
482172550, Marisol Smith, "5878 Laurel Lane, 28/9/1991, C, M, 25/8/2017, 25/8/2022
740404002, Walker Anderson, "7464 Williams Street, 5/2/1941, A, M, 28/5/2019, 28/5/2024
763067995, Emmy Abby, "8538 Garfield Avenue, 2/3/1919, A, F, 18/2/2018, 18/2/2023
217362407, Ethen Turner, "8777 Briarwood Drive, 19/7/2000, B, F, 3/10/2019, 3/10/2024
665479137, Fred Jackowski, "2109 Warren Avenue, 11/4/1938, B, M, 18/5/2018, 18/5/2023
846218615, Xzavier Wafford, "1642 Crescent Street, 5/8/1994, A, F, 6/10/2019, 6/10/2024
346960203, Robert Hill, "8687 Monroe Street, 22/4/1983, A, M, 1/3/2019, 1/3/2024
78916373, Faith Abelson, "861 Garfield Avenue, 5/5/1908, A, M, 26/7/2018, 26/7/2023
507249570, Bryan Mitchell, "434 Madison Avenue, 1/1/1957, B, F, 7/4/2019, 7/4/2024
228595452, Riley Xander, "7541 Clay Street, 26/11/1940, C, M, 16/4/2017, 16/4/2022
175458380, Joshua Wilson, "7219 Front Street North, 6/12/1992, C, F, 23/2/2018, 23/2/2023
23774965, Yamilet Xavier, "6314 Arlington Avenue, 28/7/1951, B, F, 1/5/2019, 1/5/2024
261024520, Saige Rodriguez, "9950 Arlington Avenue, 4/8/1941, A, M, 17/8/2019, 17/8/2024
226137982, Jayden Lopez, "8228 Warren Avenue, 23/2/1910, B, F, 14/11/2019, 14/11/2024
761501047, Matthew Harber, "3386 Court Street, 4/9/1957, B, F, 4/9/2018, 4/9/2023
640744641, Timothy Jackowski, "7801 Windsor Drive, 2/10/1924, A, M, 27/12/2017, 27/12/2022
80575047, Charles White, "7809 Laurel Drive, 9/3/1950, B, M, 15/2/2018, 15/2/2023
510652024, Grady Yob, "990 Devon Court, 3/5/1922, B, F, 19/5/2019, 19/5/2024
167814403, Emmy Rodriguez, "10036 Monroe Street, 19/6/1984, A, M, 26/2/2019, 26/2/2024
905619333, Jackson Kadel, "6470 Cottage Street, 2/4/1979, C, F, 1/4/2019, 1/4/2024
59305793, Ryleigh Jones, "2403 Devon Court, 10/7/1937, B, F, 25/10/2018, 25/10/2023
900402618, Aiden Vasko, "6599 Atlantic Avenue, 21/4/1986, B, M, 2/8/2019, 2/8/2024
199069085, Danny Mitchell, "7176 Front Street North, 14/12/1980, B, F, 25/1/2019, 25/1/2024
515028985, Mateo Hadder, "1094 Briarwood Drive, 9/5/1995, A, F, 21/9/2018, 21/9/2023
506997733, Jeffrey Martin, "8683 Cedar Lane, 15/3/1973, C, F, 16/1/2018, 16/1/2023
18071361, Holly Baker, "6724 Rose Street, 27/1/1982, B, M, 9/1/2017, 9/1/2022
287651229, Reuben Cabello, "1502 Cedar Avenue, 24/11/1983, C, F, 17/2/2017, 17/2/2022
853565072, Walter Yniguez, "9205 Ann Street, 21/10/1906, C, M, 26/7/2017, 26/7/2022
894031051, Andrew Baker, "9944 Heather Lane, 10/11/1935, C, M, 26/9/2019, 26/9/2024
391201043, Martin Abby, "7227 Garfield Avenue, 2/4/1976, C, M, 10/1/2017, 10/1/2022
143611397, Carlos Roberts, "9799 Madison Avenue, 12/6/1946, B, M, 1/5/2019, 1/5/2024
248818751, Ryan Wesenberg, "6081 Laurel Lane, 14/8/1994, B, M, 11/4/2018, 11/4/2023
443033881, Tristan Brown, "1114 Heather Lane, 9/9/1937, B, F, 2/12/2017, 2/12/2022
163040818, Jose Raisner, "249 King Street, 15/7/1907, C, F, 20/10/2019, 20/10/2024
209037964, Clay Ealy, "6596 Route 30, 26/2/1992, A, M, 12/5/2018, 12/5/2023
709148457, Jes Waggett, "9703 Willow Avenue, 12/1/1991, C, F, 14/8/2019, 14/8/2024
17851131, Noah Phillips, "4528 Front Street North, 10/7/1995, C, M, 22/10/2017, 22/10/2022
366478174, Landon Mabrey, "6102 Charles Street, 20/6/1979, B, M, 5/9/2018, 5/9/2023
375824017, Jerry Dahn, "3032 Forest Street, 22/4/1980, B, M, 11/6/2017, 11/6/2022
331208635, Marisol Smith, "8365 Summit Avenue, 19/12/1908, B, F, 27/5/2019, 27/5/2024
437343150, Riley Cahn, "5194 Olive Street, 3/2/1978, C, F, 6/4/2017, 6/4/2022
221652294, Cecelia Perez, "4094 White Street, 2/3/1922, C, F, 23/5/2017, 23/5/2022
802997701, Scott Gagnon, "9034 Cedar Lane, 7/2/1920, B, M, 11/1/2018, 11/1/2023
649526804, Mateo Clark, "9782 Orchard Avenue, 21/4/1922, A, M, 26/12/2018, 26/12/2023
567137679, Abigail Wright, "6914 Warren Avenue, 3/7/1958, B, F, 10/4/2017, 10/4/2022
120745951, Jerry Hanz, "9395 Pleasant Street, 7/7/1919, A, M, 20/11/2019, 20/11/2024
162012411, Olivia Uhler, "9339 Summit Avenue, 23/10/1935, A, F, 4/7/2017, 4/7/2022
180730502, Sophia Serban, "2620 King Street, 3/9/1972, C, M, 13/6/2018, 13/6/2023
774320011, Mateo Allen, "2861 Laurel Lane, 2/4/1972, A, F, 8/10/2019, 8/10/2024
35791216, Abraham Lewis, "568 Country Club Road, 10/5/1985, A, F, 5/10/2018, 5/10/2023
702476753, George Miller, "2036 Main Street, 7/10/1905, B, M, 23/1/2019, 23/1/2024
725246337, Sebastian Wilson, "9078 Williams Street, 11/11/1958, C, F, 26/12/2017, 26/12/2022
532026595, Jayden Lopez, "6092 Broad Street, 17/4/1906, A, M, 8/5/2017, 8/5/2022
13421442, Miah Kairis, "8873 Fairway Drive, 12/12/1908, C, M, 22/1/2017, 22/1/2022
439757338, Gwendolyn Zurick, "7185 Windsor Drive, 16/8/1966, C, F, 26/7/2018, 26/7/2023
150853122, Chloe Collins, "3508 Ann Street, 12/5/1903, C, F, 23/12/2019, 23/12/2024
634763575, Saige Nagy, "2706 Jefferson Avenue, 20/4/1925, B, M, 17/6/2017, 17/6/2022
191928852, Henry Lewis, "3170 Court Street, 17/7/1930, A, M, 12/11/2017, 12/11/2022
701256041, Matthew Yob, "4670 Laurel Lane, 1/5/1980, A, F, 16/12/2018, 16/12/2023
746532843, Taylor Collins, "8073 Grand Avenue, 5/9/1966, B, M, 15/9/2018, 15/9/2023
703186330, Dallas Young, "2878 Summit Avenue, 27/2/1998, C, M, 21/3/2017, 21/3/2022
147189801, Gavin Labelle, "7146 Broad Street, 8/10/1990, A, F, 28/9/2017, 28/9/2022
597593240, Steve Rodriguez, "5695 Jefferson Avenue, 18/7/1981, A, M, 5/5/2018, 5/5/2023
876310223, Carter Edwards, "7453 Linden Avenue, 7/1/1926, B, M, 19/8/2019, 19/8/2024
604356659, Riley Edwards, "4539 Hanover Court, 23/12/1960, A, F, 4/6/2019, 4/6/2024
805693136, Walker Serban, "932 Court Street, 19/3/1974, B, M, 11/9/2018, 11/9/2023
573969789, Sydnee Wesenberg, "623 King Street, 10/5/1994, C, F, 18/6/2017, 18/6/2022
52502158, Yamilet Rodriguez, "6673 Garfield Avenue, 20/10/1990, B, M, 20/6/2018, 20/6/2023
512273391, Elijah White, "4905 Highland Drive, 11/5/1980, A, M, 17/11/2017, 17/11/2022
369538728, Joshua Brown, "1609 Main Street, 3/7/1992, B, F, 27/11/2018, 27/11/2023
808597886, William Phillips, "1275 Route 30, 17/12/1995, A, F, 14/7/2019, 14/7/2024
163073321, Saige Harber, "9298 Garfield Avenue, 9/12/1973, C, F, 8/5/2019, 8/5/2024
551160723, Gregory Shawn, "6609 Franklin Avenue, 6/11/1942, A, F, 8/1/2019, 8/1/2024
707230532, Emmy Negley, "5161 King Street, 4/4/1990, B, M, 1/8/2019, 1/8/2024
613365712, Rihanna Hill, "864 Linden Avenue, 7/11/1904, C, M, 2/12/2019, 2/12/2024
196273921, Taylor Negley, "7448 Pleasant Street, 16/11/1941, A, F, 11/9/2019, 11/9/2024
276791339, Cesar Hanz, "2502 Charles Street, 24/7/1939, B, F, 1/2/2017, 1/2/2022
27239101, Landon Cabello, "9558 Cottage Street, 7/1/1980, B, M, 28/12/2018, 28/12/2023
372322169, Landon Caffee, "1392 Rose Street, 6/11/1924, C, M, 13/9/2018, 13/9/2023
265617586, Abigail Uhler, "7286 Andover Court, 2/2/1988, B, M, 16/3/2017, 16/3/2022
96414836, Miranda Urick, "8358 Highland Drive, 19/10/1961, C, F, 21/10/2019, 21/10/2024
483581872, Camilla Brown, "2187 Charles Street, 21/6/1917, A, F, 23/11/2018, 23/11/2023
479044817, Emmy Bacon, "432 Pleasant Street, 19/12/1922, C, F, 15/12/2018, 15/12/2023
150429667, Orion Falk, "9289 Franklin Avenue, 3/1/1975, B, F, 15/10/2018, 15/10/2023
377504718, Jason Johnson, "2311 Monroe Street, 20/5/1915, C, F, 1/3/2018, 1/3/2023
558970578, Olivia Green, "2831 Orchard Avenue, 25/8/1999, C, M, 5/2/2019, 5/2/2024
531613005, Efrain Kadel, "3123 Cedar Lane, 17/2/1972, A, F, 8/8/2018, 8/8/2023
565388335, Alexis Urick, "9099 Front Street North, 16/11/1953, C, M, 9/11/2019, 9/11/2024
195276329, Louis Wafford, "4183 Heather Lane, 13/7/1949, A, F, 14/4/2018, 14/4/2023
462117841, Isabelle Labelle, "7869 Heather Lane, 26/2/1987, B, F, 15/9/2019, 15/9/2024
878443146, Avery Kairis, "7485 Clay Street, 16/5/1909, C, M, 1/9/2017, 1/9/2022
513880128, Sebastian Gabbert, "1892 Monroe Street, 17/10/1973, A, F, 26/4/2017, 26/4/2022
210472551, Keith Raisner, "2443 Arlington Avenue, 21/4/1905, A, M, 24/10/2019, 24/10/2024
326667317, Russell Roberts, "3407 Country Club Road, 7/11/1908, B, M, 20/11/2018, 20/11/2023
873725777, Fred Kairis, "9007 Ann Street, 16/10/1918, C, F, 6/10/2018, 6/10/2023
296085447, George Wright, "8723 Briarwood Drive, 22/3/1903, A, M, 27/11/2017, 27/11/2022
233137589, Jolie King, "3755 Rose Street, 7/1/1944, A, M, 9/7/2018, 9/7/2023
145449292, Riley Jackson, "9166 Main Street, 27/9/1911, B, F, 25/12/2018, 25/12/2023
229470041, Troy Xander, "8174 Cedar Avenue, 24/9/1904, C, M, 27/1/2018, 27/1/2023
897604666, Scott Fader, "4916 Main Street, 21/1/1990, B, F, 6/4/2017, 6/4/2022
161123843, Hunter Fadler, "7966 Essex Court, 22/11/1995, C, M, 1/4/2017, 1/4/2022
193222068, Eliana Anderson, "324 Summit Avenue, 4/4/1943, C, M, 24/9/2018, 24/9/2023
577632222, Vivian Falk, "1339 Devon Court, 20/3/1936, B, M, 26/4/2018, 26/4/2023
200946204, Diamond Hernandez, "2409 Franklin Avenue, 22/9/1914, C, F, 12/4/2018, 12/4/2023
80719790, David Tabbert, "7821 Cedar Avenue, 14/9/1923, C, M, 10/1/2019, 10/1/2024
887991803, Grace Thomas, "2344 Grand Avenue, 10/1/1922, C, M, 6/10/2017, 6/10/2022
489986825, Ishaan Nagy, "2103 Route 1, 21/11/1987, C, M, 21/7/2017, 21/7/2022
894869848, Ralph Davis, "4053 John Street, 28/3/1911, A, M, 13/5/2018, 13/5/2023
215222048, Ethen Turner, "8349 Hanover Court, 27/4/1935, C, F, 27/11/2018, 27/11/2023
746839184, Riley Allen, "6638 Briarwood Drive, 20/2/1919, B, M, 10/4/2017, 10/4/2022
162976058, Diamond Yniguez, "7078 Briarwood Drive, 11/10/1949, B, M, 2/11/2017, 2/11/2022
818290786, Etha Lee, "4863 Pleasant Street, 19/8/1995, C, F, 19/5/2019, 19/5/2024
68654428, Miranda Negley, "513 Warren Avenue, 2/4/1971, A, F, 2/9/2019, 2/9/2024
187867318, Esther Miller, "2305 Cedar Avenue, 7/8/1965, B, F, 8/4/2018, 8/4/2023
738187439, Essence Hall, "7732 Laurel Lane, 5/8/1987, B, F, 26/3/2017, 26/3/2022
800079228, Clay Adams, "1781 Franklin Avenue, 22/5/1989, C, M, 6/2/2019, 6/2/2024
63233174, Aubrey Bacon, "1829 Arlington Avenue, 14/1/1929, C, M, 25/3/2019, 25/3/2024
129056477, Riley Shawn, "9900 Briarwood Drive, 21/7/1945, C, F, 12/10/2018, 12/10/2023
318351038, Carl Yniguez, "2855 Cedar Lane, 2/6/1974, A, F, 3/4/2019, 3/4/2024
746350654, James Davis, "6808 Arlington Avenue, 26/1/1974, B, M, 27/11/2019, 27/11/2024
624028509, Cecelia Baker, "1677 Front Street North, 27/10/1951, C, F, 27/3/2017, 27/3/2022
899390599, Ronald Harber, "6683 Highland Drive, 23/8/1935, C, M, 1/5/2017, 1/5/2022
595947548, Reagan Perez, "9852 Devon Court, 6/8/1997, A, F, 5/10/2018, 5/10/2023
227552455, Karissa Gahm, "1554 Franklin Court, 17/8/1973, B, M, 17/10/2017, 17/10/2022
290708952, Alexis Martin, "3203 Monroe Street, 10/11/1953, C, M, 23/12/2019, 23/12/2024
636550250, Samantha Serban, "2505 Highland Drive, 8/11/2001, B, M, 14/8/2018, 14/8/2023
183708426, Patrick Walker, "1811 Woodland Drive, 5/5/1967, C, M, 17/4/2017, 17/4/2022
304521949, Paris Yob, "6637 Heather Lane, 23/5/1929, C, F, 24/2/2018, 24/2/2023
753182049, Diamond Rainey, "5949 Country Club Road, 14/10/1940, A, F, 28/7/2017, 28/7/2022
632585758, Jayden Jackowski, "3821 Andover Court, 6/2/1967, A, F, 22/3/2017, 22/3/2022
382236604, Hunter Hanz, "3998 Willow Avenue, 27/4/1919, A, F, 17/8/2019, 17/8/2024
357604676, Joshua Waggett, "2466 Windsor Drive, 25/8/1989, A, M, 2/12/2019, 2/12/2024
346083657, Diamond Viana, "2724 Highland Drive, 21/3/1932, B, F, 14/2/2017, 14/2/2022
287247877, James Wesenberg, "5702 Monroe Street, 28/2/1957, A, F, 4/3/2019, 4/3/2024
716943594, Bryan Nelson, "6356 Summit Avenue, 14/5/1976, C, M, 23/9/2018, 23/9/2023
137246931, Gavin Gahm, "9820 Route 30, 21/6/1931, C, F, 14/7/2019, 14/7/2024
739100289, Joseph Babyak, "5469 Forest Street, 5/3/1916, B, F, 6/5/2018, 6/5/2023
437819534, Xzavier Smith, "818 Court Street, 11/5/1920, A, M, 8/10/2018, 8/10/2023
854013553, Tristan Bacon, "4578 Court Street, 15/8/1992, A, F, 14/10/2017, 14/10/2022
488488948, Larry Tevlin, "7021 King Street, 16/2/1990, A, F, 9/6/2019, 9/6/2024
73811275, Tabitha Falk, "5145 White Street, 18/9/1969, C, F, 8/12/2019, 8/12/2024
12026431, Reuben Kairis, "2293 John Street, 7/6/1915, A, M, 12/4/2018, 12/4/2023
172677810, Harry Green, "3672 Maiden Lane, 17/8/1954, C, F, 15/6/2018, 15/6/2023
117969206, Walker Cabler, "3314 Madison Avenue, 19/6/1944, C, F, 14/12/2017, 14/12/2022
231491105, George Lewis, "5146 Linden Avenue, 3/4/1947, C, F, 27/1/2017, 27/1/2022
289128665, Bobby Martinez, "927 Court Street, 14/8/1989, B, F, 9/11/2018, 9/11/2023
876954578, Abigail Babyak, "6919 Route 30, 14/1/1938, B, M, 6/12/2019, 6/12/2024
880974551, Xzavier Adams, "5848 Route 30, 6/5/1906, B, F, 26/5/2017, 26/5/2022
684067148, Aubrey Robinson, "9075 Front Street North, 21/2/1973, A, M, 16/4/2018, 16/4/2023
452352883, Cecelia Green, "4126 Heather Lane, 2/9/1913, A, F, 23/3/2019, 23/3/2024
234281580, Jazlynn Kadel, "6666 Cedar Avenue, 17/11/1956, A, F, 7/1/2018, 7/1/2023
552880253, Marisol Hill, "10034 Route 30, 25/2/1912, C, M, 15/9/2017, 15/9/2022
50104198, Vivian Rainey, "5329 Court Street, 19/7/1954, C, F, 19/7/2019, 19/7/2024
573182732, Deacon Xander, "8730 Linden Avenue, 12/1/1905, B, F, 16/11/2018, 16/11/2023
692567444, Troy Martin, "7968 Fairway Drive, 21/3/1915, B, F, 16/5/2017, 16/5/2022
498778994, Diamond Rainey, "575 Franklin Court, 8/3/1951, A, M, 12/10/2018, 12/10/2023
446115147, Troy Martinez, "1206 Highland Drive, 26/3/1944, B, M, 28/9/2017, 28/9/2022
580471198, Ishaan Tormey, "4797 Laurel Lane, 23/4/1938, A, F, 15/5/2017, 15/5/2022
486386539, Matthew Gahm, "7020 Country Club Road, 27/2/1942, A, F, 15/1/2018, 15/1/2023
432827711, Holly Falk, "6497 Clay Street, 19/8/1987, A, M, 11/11/2017, 11/11/2022
658580267, John Collins, "6920 Route 1, 17/7/1961, B, F, 26/2/2018, 26/2/2023
540375013, Gary Mitchell, "375 Olive Street, 14/11/1903, C, M, 16/10/2018, 16/10/2023
772152322, Brooklyn Eady, "3368 Pleasant Street, 7/6/1904, C, M, 14/10/2019, 14/10/2024
224028964, Addison Ohrt, "6830 Andover Court, 25/7/1951, A, F, 12/3/2018, 12/3/2023
231332066, Morgan Fader, "8608 Willow Avenue, 3/6/1989, B, F, 28/3/2018, 28/3/2023
793060416, Ryan Collins, "2539 Laurel Drive, 8/1/1976, C, F, 9/8/2017, 9/8/2022
721091923, Robert King, "4218 Madison Avenue, 26/7/1938, B, M, 12/7/2019, 12/7/2024
729870904, Emma Tormey, "3066 Monroe Street, 8/1/1954, C, F, 1/8/2019, 1/8/2024
328516503, Gwendolyn Kairis, "4899 Willow Avenue, 13/5/1927, C, F, 2/6/2018, 2/6/2023
893447927, Eric Evans, "7122 Warren Avenue, 14/6/1921, A, M, 2/1/2017, 2/1/2022
95498640, Donald Wafford, "436 Garfield Avenue, 20/10/1913, B, M, 3/8/2019, 3/8/2024
97462181, Avery Allen, "4155 Madison Avenue, 10/2/1993, A, M, 23/8/2018, 23/8/2023
429710685, Michael Gahm, "2979 John Street, 10/1/1991, C, M, 7/9/2017, 7/9/2022
455515983, Justin Waggett, "685 Arlington Avenue, 11/11/1919, A, M, 1/1/2018, 1/1/2023
90535912, John Nagy, "3809 Court Street, 7/9/1998, C, F, 11/8/2018, 11/8/2023
431216865, Isabella Dahn, "7557 Main Street, 13/2/1925, A, M, 20/1/2018, 20/1/2023
303198476, Paul Rodriguez, "1577 Country Club Road, 18/1/1919, A, F, 23/5/2017, 23/5/2022
147961747, Ronald Edwards, "6390 Orchard Avenue, 1/2/1916, C, F, 10/7/2018, 10/7/2023
398765456, Jeramiah Fader, "7762 Heather Lane, 3/10/2002, C, M, 11/1/2017, 11/1/2022
899680099, Esther Mitchell, "6121 Jefferson Avenue, 27/4/1922, A, F, 22/8/2018, 22/8/2023
665647308, Lauren Carter, "463 Broad Street, 28/6/1928, A, M, 13/11/2017, 13/11/2022
643372877, Vivian Kadel, "2021 Country Club Road, 9/12/1950, B, F, 7/7/2017, 7/7/2022
687396120, Gavin Harber, "4054 Monroe Street, 7/2/1967, B, F, 5/1/2017, 5/1/2022
853243363, Joseph Adams, "5860 River Street, 7/7/1983, C, M, 23/10/2017, 23/10/2022
658755732, Carlos Collins, "5919 Andover Court, 8/1/1932, A, M, 3/5/2017, 3/5/2022
673795211, Jazlynn Wright, "2500 Forest Street, 24/3/1975, B, F, 18/11/2018, 18/11/2023
569375856, Hunter Abelson, "9295 Main Street, 21/7/1973, B, M, 10/1/2019, 10/1/2024
600182756, Walker Tormey, "5970 Devon Court, 11/1/1940, A, F, 23/5/2018, 23/5/2023
305804291, Ryan Wesenberg, "3862 Cedar Avenue, 13/10/1912, B, F, 15/12/2017, 15/12/2022
244476687, Samantha Hanz, "4862 Garfield Avenue, 14/1/1975, C, M, 21/5/2017, 21/5/2022
507160252, Jeffrey Davis, "8682 Franklin Avenue, 21/6/1906, B, M, 28/9/2018, 28/9/2023
561395854, Larry Uhler, "7527 Andover Court, 26/3/1947, B, M, 26/4/2019, 26/4/2024
805000166, Morgan Babyak, "7215 White Street, 25/1/1980, B, M, 15/2/2017, 15/2/2022
600941505, Stella Nagy, "935 Devon Court, 6/7/1961, A, F, 2/11/2019, 2/11/2024
654275556, Sophia Eady, "4374 White Street, 23/1/1939, C, F, 25/12/2019, 25/12/2024
653026843, Holly Harber, "376 Woodland Drive, 15/6/1943, B, M, 8/8/2019, 8/8/2024
692231034, Mateo Tevlin, "7704 Garfield Avenue, 26/7/1983, C, M, 12/10/2019, 12/10/2024
457438589, Joseph Robinson, "5975 Laurel Lane, 28/12/1953, A, M, 19/6/2017, 19/6/2022
341281309, Larry Baker, "9462 Summit Avenue, 14/10/1921, C, M, 19/9/2017, 19/9/2022
388178967, Ethen Viana, "6826 Atlantic Avenue, 20/10/1906, A, M, 28/7/2018, 28/7/2023
898554752, Riley White, "9419 Grand Avenue, 13/9/1923, C, M, 1/2/2018, 1/2/2023
227131592, Avery Baker, "4757 Olive Street, 23/5/1991, C, M, 25/6/2018, 25/6/2023
723795725, Jason Labelle, "8730 Garfield Avenue, 8/2/1931, B, M, 22/2/2017, 22/2/2022
498179894, Daniel Rainey, "8757 Devon Court, 18/4/1952, B, F, 23/9/2018, 23/9/2023
164841597, Alyssa Evans, "5284 Rose Street, 3/10/1935, C, M, 9/4/2017, 9/4/2022
691146636, Stephen Walker, "8034 Olive Street, 16/6/1907, B, F, 16/7/2018, 16/7/2023
740881121, Steven Tormey, "2091 Crescent Street, 20/7/1998, A, M, 4/5/2019, 4/5/2024
806739745, Randy Young, "8579 Summit Avenue, 12/5/1903, A, F, 11/9/2019, 11/9/2024
767685315, Morgan Mabrey, "5675 Cottage Street, 18/6/1914, C, M, 22/9/2018, 22/9/2023
574763872, Tyrese Tabbert, "279 Route 1, 23/7/1933, B, M, 7/7/2017, 7/7/2022
199457469, Hunter Scott, "2912 King Street, 10/6/1977, C, M, 21/5/2018, 21/5/2023
809421262, Grace Fader, "8016 Williams Street, 9/1/1926, A, M, 17/11/2019, 17/11/2024
815207362, Brooklyn Taylor, "9338 Madison Avenue, 20/3/1996, B, F, 22/8/2019, 22/8/2024
498892658, Camilla Gagnon, "5811 Williams Street, 23/7/1952, C, M, 16/5/2017, 16/5/2022
650124773, Ruby Jackowski, "1338 King Street, 8/3/2001, A, F, 12/1/2019, 12/1/2024
444377540, Stephen Ohrt, "7454 Olive Street, 21/1/1941, B, M, 6/10/2018, 6/10/2023
277516949, Kevin Jones, "7657 River Street, 12/5/1949, A, M, 4/1/2017, 4/1/2022
123398867, Faith Tabbert, "2443 Pleasant Street,07-01-1943, C, F, 11/5/2017, 11/5/2022
20200014081,Tushti Adlakha,"""Some random Adddress""",28-10-2020,A,F,25-09-2020,27-10-2040
42012455245,Andrew Thomas,Kahi to rehta h,08-11-2001,B, M,08-11-2019,31-12-2040
42012452396,Manav Arora,Ye bhi kahi rehta h,10-11-2020,C,M,08-11-2019,31-12-2020
